Code,Name,Market
04338,Microsoft Corp,HKEX
00700,Tencent Holdings Ltd,HKEX
80700,Tencent Holdings Ltd,HKEX
04333,Cisco Systems Inc,HKEX
00005,HSBC Holdings PLC,HKEX
00939,China Construction Bank Corp Class H,HKEX
09988,Alibaba Group Holding Ltd,HKEX
00941,China Mobile Ltd,HKEX
89988,Alibaba Group Holding Ltd,HKEX
04335,Intel Corp,HKEX
80941,China Mobile Ltd,HKEX
04336,Applied Materials Inc,HKEX
06288,Fast Retailing Co Ltd DRC,HKEX
04332,Amgen Inc,HKEX
00883,CNOOC Ltd,HKEX
02513,Knowledge Atlas Technology JSC Ltd Class H,HKEX
80883,CNOOC Ltd,HKEX
01299,AIA Group Ltd,HKEX
81299,AIA Group Ltd,HKEX
09999,NetEase Inc,HKEX
01398,Industrial and Commercial Bank of China Ltd Class H,HKEX
01810,Xiaomi Corp,HKEX
00945,Manulife Financial Corp,HKEX
81810,Xiaomi Corp,HKEX
09633,Nongfu Spring Co Ltd Class H,HKEX
00981,Semiconductor Manufacturing International Corp,HKEX
00388,Hong Kong Exchanges and Clearing Ltd,HKEX
02388,BOC Hong Kong Holdings Ltd,HKEX
02888,Standard Chartered PLC,HKEX
03988,Bank of China Ltd Class H,HKEX
03690,Meituan,HKEX
80388,Hong Kong Exchanges and Clearing Ltd,HKEX
82388,BOC Hong Kong Holdings Ltd,HKEX
02318,Ping An Insurance (Group) Co of China Ltd Class H,HKEX
83690,Meituan,HKEX
00267,CITIC Ltd,HKEX
82318,Ping An Insurance (Group) Co of China Ltd Class H,HKEX
00016,Sun Hung Kai Properties Ltd,HKEX
02328,PICC Property and Casualty Co Ltd Class H,HKEX
80016,Sun Hung Kai Properties Ltd,HKEX
09888,Baidu Inc Class A,HKEX
01888,Kingboard Laminates Holdings Ltd,HKEX
09618,JD.com Inc Class A,HKEX
01211,BYD Co Ltd Class H,HKEX
01347,Hua Hong Grace Semiconductor Ltd,HKEX
00992,Lenovo Group Ltd,HKEX
02378,Prudential PLC,HKEX
00001,Ck Hutchison Holdings Ltd,HKEX
02259,Zijin Gold International Co Ltd,HKEX
06160,BeOne Medicines AG,HKEX
89888,Baidu Inc Class A,HKEX
89618,JD.com Inc Class A,HKEX
03328,Bank of Communications Co Ltd Class H,HKEX
81211,BYD Co Ltd Class H,HKEX
00669,Techtronic Industries Co Ltd,HKEX
80992,Lenovo Group Ltd,HKEX
01109,China Resources Land Ltd,HKEX
09992,Pop Mart International Group Ltd,HKEX
03968,China Merchants Bank Co Ltd Class H,HKEX
02628,China Life Insurance Co Ltd Class H,HKEX
09961,Trip.com Group Ltd,HKEX
01378,China Hongqiao Group Ltd,HKEX
02020,ANTA Sports Products Ltd,HKEX
00762,China Unicom Hong Kong Ltd,HKEX
00066,MTR Corp Ltd,HKEX
00002,CLP Holdings Ltd,HKEX
00857,PetroChina Co Ltd Class H,HKEX
03692,Hansoh Pharmaceutical Group Company Ltd,HKEX
00175,Geely Automobile Holdings Ltd,HKEX
01024,Kuaishou Technology,HKEX
09903,Shanghai Iluvatar CoreX Semiconductor Co Ltd Class H,HKEX
82020,ANTA Sports Products Ltd,HKEX
01288,Agricultural Bank of China Ltd Class H,HKEX
02899,Zijin Mining Group Co Ltd Class H,HKEX
80175,Geely Automobile Holdings Ltd,HKEX
00788,China Tower Corp Ltd Class H,HKEX
01113,CK Asset Holdings Ltd,HKEX
81024,Kuaishou Technology,HKEX
01038,CK Infrastructure Holdings Ltd,HKEX
03750,Contemporary Amperex Technology Co Ltd Class H,HKEX
02269,WuXi Biologics (Cayman) Inc,HKEX
09973,Chery Automobile Co Ltd Class H,HKEX
06082,Shanghai Biren Technology Co Ltd Class H,HKEX
01801,Innovent Biologics Inc,HKEX
01088,China Shenhua Energy Co Ltd Class H,HKEX
00688,China Overseas Land & Investment Ltd,HKEX
00100,MiniMax Group Inc,HKEX
02057,ZTO Express (Cayman) Inc,HKEX
02423,KE Holdings Inc,HKEX
00027,Galaxy Entertainment Group Ltd,HKEX
00148,Kingboard Holdings Ltd,HKEX
00003,Hong Kong and China Gas Co Ltd,HKEX
00012,Henderson Land Development Co Ltd,HKEX
00006,Power Assets Holdings Ltd,HKEX
01972,Swire Properties Ltd,HKEX
01929,Chow Tai Fook Jewellery Group Ltd,HKEX
09987,Yum China Holdings Inc,HKEX
06618,JD Health International Inc,HKEX
00288,WH Group Ltd,HKEX
03808,Sinotruk Hong Kong Ltd,HKEX
01928,Sands China Ltd,HKEX
01698,Tencent Music Entertainment Group,HKEX
06990,Sichuan Kelun-Biotech Biopharmaceutical Co Ltd Class H,HKEX
01179,H World Group Ltd,HKEX
01913,Prada SpA,HKEX
00998,China Citic Bank Corp Ltd Class H,HKEX
00083,Sino Land Co Ltd,HKEX
02015,Li Auto Inc Class A,HKEX
06869,Yangtze Optical Fibre and Cable Joint Stock Ltd Co Class H,HKEX
00386,China Petroleum & Chemical Corp Class H,HKEX
02097,MIXUE Group Class H,HKEX
00823,Link Real Estate Investment Trust,HKEX
09866,NIO Inc Class A,HKEX
01658,Postal Savings Bank of China Co Ltd Class H,HKEX
09868,Xpeng Inc Class A,HKEX
00836,China Resources Power Holdings Co Ltd,HKEX
06823,HKT Trust And HKT Units,HKEX
86618,JD Health International Inc,HKEX
01208,MMG Ltd,HKEX
01308,SITC International Holdings Co Ltd,HKEX
06656,Sigenergy Technology Co Ltd Class H,HKEX
09926,Akeso Inc,HKEX
00522,ASMPT Ltd,HKEX
01209,China Resources Mixc Lifestyle Services Ltd,HKEX
01177,Sino Biopharmaceutical Ltd,HKEX
01093,Cspc Pharmaceutical Group Ltd,HKEX
01876,Budweiser Brewing Company APAC Ltd,HKEX
00316,Orient Overseas (International) Ltd,HKEX
01519,J&T Global Express Ltd,HKEX
02618,JD Logistics Inc,HKEX
00293,Cathay Pacific Airways Ltd,HKEX
02601,China Pacific Insurance Group Co Ltd Class H,HKEX
02359,WuXi AppTec Co Ltd Class H,HKEX
02268,WuXi XDC Cayman Inc,HKEX
00291,China Resources Beer Holdings Co Ltd,HKEX
06030,CITIC Securities Co Ltd Class H,HKEX
01768,Busy Ming Group Co Ltd Class H,HKEX
06181,Laopu Gold Co Ltd Class H,HKEX
01997,Wharf Real Estate Investment Company Ltd,HKEX
00966,China Taiping Insurance Holdings Co Ltd,HKEX
04337,Starbucks Corp,HKEX
00019,Swire Pacific Ltd Class A,HKEX
02319,China Mengniu Dairy Company Ltd,HKEX
02338,Weichai Power Co Ltd Class H,HKEX
02382,Sunny Optical Technology Group Co Ltd,HKEX
09901,New Oriental Education & Technology Group Inc,HKEX
03698,Huishang Bank Corp Ltd Class H,HKEX
06862,Haidilao International Holding Ltd,HKEX
80291,China Resources Beer Holdings Co Ltd,HKEX
00728,China Telecom Corp Ltd Class H,HKEX
02313,Shenzhou International Group Holdings Ltd,HKEX
01818,Zhaojin Mining Industry Co Ltd Class H,HKEX
03993,CMOC Group Ltd Class H,HKEX
09660,Horizon Robotics,HKEX
06690,Haier Smart Home Co Ltd Class H,HKEX
02577,InnoScience Suzhou Technology Holding Co Ltd Class H,HKEX
00020,SenseTime Group Inc Class B,HKEX
00322,Tingyi (Cayman Islands) Holding Corp,HKEX
02588,BOC Aviation Ltd,HKEX
00135,Kunlun Energy Company Ltd,HKEX
09626,Bilibili Inc,HKEX
00004,Wharf Holdings Ltd,HKEX
02638,HK Electric Investments Units,HKEX
00300,Midea Group Co Ltd Class H,HKEX
00144,China Merchants Port Holdings Co Ltd,HKEX
00241,Alibaba Health Information Technology Ltd,HKEX
01364,Guming Holdings Ltd,HKEX
00270,Guangdong Investment Ltd,HKEX
01099,Sinopharm Group Co Ltd Class H,HKEX
02611,Guotai Haitong Securities Co Ltd Class H,HKEX
80020,SenseTime Group Inc Class B,HKEX
02018,AAC Technologies Holdings Inc,HKEX
09863,Zhejiang Leapmotor Technology Co Ltd Class H,HKEX
01508,China Reinsurance (Group) Corp Class H,HKEX
01336,New China Life Insurance Co Ltd Class H,HKEX
06088,Foxconn Interconnect Technology Ltd,HKEX
02726,Epiworld International Co Ltd Class H,HKEX
00285,Byd Electronic (International) Co Ltd,HKEX
01171,Yankuang Energy Group Co Ltd Class H,HKEX
02799,China CITIC Financial Asset Management Co Ltd Class H,HKEX
03998,Bosideng International Holdings Ltd,HKEX
02076,Kanzhun Ltd,HKEX
02099,China Gold International Resources Corp Ltd,HKEX
02688,ENN Energy Holdings Ltd,HKEX
09698,GDS Holdings Ltd Class A,HKEX
09880,Ubtech Robotics Corp Ltd Class H,HKEX
00486,United Company Rusal IPJSC,HKEX
00151,Want Want China Holdings Ltd,HKEX
01258,China Nonferrous Mining Corp Ltd,HKEX
06969,Smoore International Holdings Ltd,HKEX
01530,3SBio Inc,HKEX
00358,Jiangxi Copper Co Ltd Class H,HKEX
00960,Longfor Group Holdings Ltd,HKEX
00247,Tsim Sha Tsui Properties Ltd,HKEX
03931,CALB Group Co Ltd Class H,HKEX
00008,PCCW Ltd,HKEX
01898,China Coal Energy Co Ltd Class H,HKEX
01339,People's Insurance Company Group of China Ltd Class H,HKEX
03323,China National Building Material Co Ltd Class H,HKEX
06963,Sunshine Insurance Group Co Ltd Class H,HKEX
02331,Li Ning Co Ltd,HKEX
06651,Beijing 51WORLD Digital Twin Technology Co Ltd Class H,HKEX
03908,China International Capital Corp Ltd Class H,HKEX
03317,Shenzhen Xunce Technology Co Ltd Class H,HKEX
03277,Gpixel Changchun Microelectronics Inc Class H,HKEX
03668,Yancoal Australia Ltd,HKEX
03986,GigaDevice Semiconductor Inc Class H,HKEX
02282,MGM China Holdings Ltd,HKEX
06818,China Everbright Bank Co Ltd Class H,HKEX
00868,Xinyi Glass Holdings Ltd,HKEX
00576,Zhejiang Expressway Co Ltd Class H,HKEX
03311,China State Construction International Holdings Ltd,HKEX
01729,Time Interconnect Technology Ltd,HKEX
00101,Hang Lung Properties Ltd,HKEX
01359,China Cinda Asset Management Co Ltd Class H,HKEX
01919,COSCO Shipping Holdings Co Ltd Class H,HKEX
01735,Central New Energy Holding Group Ltd,HKEX
00087,Swire Pacific Ltd Class B,HKEX
00659,CTF Services Ltd,HKEX
01879,Shanghai Xizhi Technology Co Ltd Class H,HKEX
02476,Victory Giant Technology (HuiZhou) Co Ltd Class H,HKEX
01828,FWD Group Holdings Ltd,HKEX
01133,Harbin Electric Co Ltd Class H,HKEX
00392,Beijing Enterprises Holdings Ltd,HKEX
01193,China Resources Gas Group Ltd,HKEX
02380,China Power International Development Ltd,HKEX
03939,Wanguo Gold Group Ltd,HKEX
00023,Bank of East Asia Ltd,HKEX
82331,Li Ning Co Ltd,HKEX
00189,Dongyue Group Ltd,HKEX
01776,GF Securities Co Ltd Class H,HKEX
00656,Fosun International Ltd,HKEX
06809,Montage Technology Co Ltd Class H,HKEX
02718,Mininglamp Technology,HKEX
01070,TCL Electronics Holdings Ltd,HKEX
03396,Legend Holdings Corp Class H,HKEX
00666,REPT BATTERO Energy Co Ltd Class H,HKEX
00425,Minth Group Ltd,HKEX
00384,China Gas Holdings Ltd,HKEX
02442,Easy Smart Group Holdings Ltd,HKEX
02696,Shanghai Henlius Biotech Inc Class H,HKEX
02228,XtalPi Holdings Ltd,HKEX
03606,Fuyao Glass Industry Group Co Ltd Class H,HKEX
07618,JINGDONG Industrials Inc,HKEX
02600,Aluminum Corporation of China Ltd Class H,HKEX
00168,Tsingtao Brewery Co Ltd Class H,HKEX
02689,Nine Dragons Paper (Holdings) Ltd,HKEX
03888,Kingsoft Corporation Ltd,HKEX
01816,CGN Power Co Ltd Class H,HKEX
00780,Tongcheng Travel Holdings Ltd,HKEX
00220,Uni-President China Holdings Ltd,HKEX
02723,Beijing DeepZero Technology Co Ltd Class H,HKEX
01882,Haitian International Holdings Ltd,HKEX
01585,Yadea Group Holdings Ltd,HKEX
01908,C&D International Investment Group Ltd,HKEX
02788,Chuangxin Industries Holdings Ltd,HKEX
02367,Giant Biogene Holding Co Ltd,HKEX
00257,China Everbright Environment Group Ltd,HKEX
06886,Huatai Securities Co Ltd Class H,HKEX
09896,MINISO Group Holding Ltd,HKEX
03320,China Resources Pharmaceutical Group Ltd,HKEX
00552,China Communications Services Corp Ltd Class H,HKEX
06810,Shanghai Sunmi Technology Co Ltd Class H,HKEX
06881,China Galaxy Securities Co Ltd Class H,HKEX
01548,Genscript Biotech Corp,HKEX
00683,Kerry Properties Ltd,HKEX
01128,Wynn Macau Ltd,HKEX
01318,Mao Geping Cosmetics Co Ltd Class H,HKEX
02526,Hangzhou Diagens Biotechnology Co Ltd Class H,HKEX
01988,China Minsheng Banking Corp Ltd Class H,HKEX
00867,China Medical System Holdings Ltd,HKEX
00902,Huaneng Power International Inc Class H,HKEX
03360,Far East Horizon Ltd,HKEX
02096,Simcere Pharmaceutical Group Ltd,HKEX
06186,China Feihe Ltd,HKEX
01044,Hengan International Group Co Ltd,HKEX
03858,Jiaxin International Resources Investment Ltd,HKEX
06979,ZJLD Group Inc,HKEX
00696,TravelSky Technology Ltd Class H,HKEX
02252,Shanghai MicroPort MedBot (Group) Co Ltd Class H,HKEX
00136,China Ruyi Holdings Ltd,HKEX
01797,East Buy Holding Ltd,HKEX
03696,InSilico Medicine Cayman TopCo,HKEX
02026,Pony AI Inc,HKEX
01772,Ganfeng Lithium Group Co.  Ltd Class H,HKEX
09889,Dongguan Rural Commercial Bank Co Ltd Class H,HKEX
00371,Beijing Enterprises Water Group Ltd,HKEX
01551,Guangzhou Rural Commercial Bank Co Ltd Class H,HKEX
02357,AviChina Industry & Technology Co Ltd Class H,HKEX
02039,China International Marine Containers Group Co Ltd Class H,HKEX
00631,Sany Heavy Equipment International Holdings Company Ltd,HKEX
02386,Sinopec Engineering Group Co Ltd Class H,HKEX
00914,Anhui Conch Cement Co Ltd Class H,HKEX
02945,China Star Entertainment Ltd,HKEX
00753,Air China Ltd Class H,HKEX
03800,GCL Technology Holdings Ltd,HKEX
00053,Guoco Group Ltd,HKEX
01651,Precision Tsugami (China) Corporation Ltd,HKEX
02938,PegBio Co Ltd Class H,HKEX
01138,COSCO Shipping Energy Transportation Co Ltd Class H,HKEX
09899,Netease Cloud Music Inc,HKEX
01396,Greater Bay Area AI Computingtech Co Ltd,HKEX
02670,Beijing Yunji Technology Co Ltd Class H,HKEX
02162,KeyMed Biosciences Inc,HKEX
06099,China Merchants Securities Co Ltd Class H,HKEX
02400,XD Inc,HKEX
00268,Kingdee International Software Group Co Ltd,HKEX
02333,Great Wall Motor Co Ltd Class H,HKEX
00290,GoFintech Quantum Innovation Ltd,HKEX
02706,Beijing Haizhi Technology Group Co Ltd Class H,HKEX
03896,Kingsoft Cloud Holdings Ltd,HKEX
00142,First Pacific Co Ltd,HKEX
01757,Global Chinese Business Club,HKEX
03393,Wasion Holdings Ltd,HKEX
02553,Beijing Shougang Lanzatech Technology Co Ltd Class H,HKEX
02245,Lygend Resources & Technology Co Ltd Class H,HKEX
06887,Sunshine Lake Pharma Co Ltd Class H,HKEX
00551,Yue Yuen Industrial (Holdings) Ltd,HKEX
01766,Crrc Corp Ltd Class H,HKEX
00772,China Literature Ltd,HKEX
01415,Cowell e Holdings Inc,HKEX
00068,Manycore Tech Inc,HKEX
09677,Weihai Bank Co Ltd Class H,HKEX
02889,PATEO CONNECT Technology (Shanghai) Corp Class H,HKEX
01606,China Development Bank Financial Leasing Co Ltd Class H,HKEX
01164,CGN Mining Co Ltd,HKEX
01788,Guotai Junan International Holdings Ltd,HKEX
00586,China Conch Venture Holdings Ltd,HKEX
01910,Samsonite Group SA,HKEX
00968,Xinyi Solar Holdings Ltd,HKEX
02525,Hesai Group Class B,HKEX
01440,Star Shine Holdings Group Ltd,HKEX
01956,Beijing Zhongke WengeAI Science and Technology Co Ltd Class H,HKEX
02658,Guangdong Tianyu Semiconductor Co Ltd Class H,HKEX
09985,Weilong Delicious Global Holdings Ltd,HKEX
82333,Great Wall Motor Co Ltd Class H,HKEX
03898,Zhuzhou CRRC Times Electric Co Ltd Class H,HKEX
01199,COSCO SHIPPING Ports Ltd,HKEX
00179,Johnson Electric Holdings Ltd,HKEX
02460,China Resources Beverage (Holdings) Co Ltd,HKEX
02225,Jinhai Medical Technology Ltd,HKEX
03900,Greentown China Holdings Ltd,HKEX
06993,Blue Moon Group Holdings Ltd,HKEX
02602,Onewo Inc Class H,HKEX
00010,Hang Lung Group Ltd,HKEX
03330,Lingbao Gold Group Co Ltd Class H,HKEX
00916,China Longyuan Power Group Corp Ltd Class H,HKEX
00763,ZTE Corp Class H,HKEX
01787,Shandong Gold Mining Co Ltd Class H,HKEX
00817,China Jinmao Holdings Group Ltd,HKEX
00014,Hysan Development Co Ltd,HKEX
01357,Meitu Inc,HKEX
00670,China Eastern Airlines Corp Ltd Class H,HKEX
01783,Envision Greenwise Holdings Ltd,HKEX
02356,Dah Sing Banking Group Ltd,HKEX
09900,Hong Kong Zcloud Technology Construction Ltd,HKEX
01800,China Communications Construction Co Ltd Class H,HKEX
01055,China Southern Airlines Co Ltd Class H,HKEX
00017,New World Development Co Ltd,HKEX
01286,Impro Precision Industries Ltd,HKEX
09969,InnoCare Pharma Ltd,HKEX
09606,Duality Biotherapeutics Inc,HKEX
07666,Metis TechBio Co Ltd Class H,HKEX
03933,United Laboratories International Holdings Ltd,HKEX
00512,Grand Pharmaceutical Group Ltd,HKEX
09995,RemeGen Co Ltd Class H,HKEX
01860,Mobvista Inc,HKEX
02232,Crystal International Group Ltd,HKEX
02419,DEKON Food and Agriculture Group Class H,HKEX
09688,Zai Lab Ltd,HKEX
02518,Autohome Inc,HKEX
02698,Softcare Ltd,HKEX
02610,Nanshan Aluminium International Holdings Ltd,HKEX
06098,Country Garden Services Holdings Co Ltd,HKEX
01511,UISEE Technologies (Beijing) Co Ltd Class H,HKEX
02276,Shanghai Conant Optical Co Ltd Class H,HKEX
02580,AUX Electric Co Ltd,HKEX
01833,Ping AN Healthcare and Technology Co Ltd,HKEX
02590,Beijing Geekplus Technology Co Ltd Class H,HKEX
03918,Nagacorp Ltd,HKEX
06060,ZhongAn Online P & C Insurance Co Ltd Class H,HKEX
03310,Viewtrix Technology Co Ltd Class H,HKEX
03899,CIMC Enric Holdings Ltd,HKEX
00622,Oshidori International Holdings Ltd,HKEX
02038,FIH Mobile Ltd,HKEX
01196,Realord Group Holdings Ltd,HKEX
02675,Shenzhen Edge Medical Co Ltd Class H,HKEX
06228,Merdeka Gold Resources PT Tbk DRC,HKEX
00991,Datang International Power Generation Co Ltd Class H,HKEX
06066,China Securities Co Ltd Class H,HKEX
03660,Qfin Holdings Inc,HKEX
00326,China Star Entertainment Ltd,HKEX
03618,Chongqing Rural Commercial Bank Co Ltd Class H,HKEX
01276,Jiangsu Hengrui Pharmaceuticals Co Ltd Class H,HKEX
03355,FS.Com Ltd Class H,HKEX
02343,Pacific Basin Shipping Ltd,HKEX
06049,Poly Property Services Co Ltd Class H,HKEX
00013,HUTCHMED (China) Ltd,HKEX
00579,Beijing Jingneng Clean Energy Co Ltd Class H,HKEX
01066,Shandong Weigao Group Medical Polymer Co Ltd Class H,HKEX
06199,Bank of Guizhou Co Ltd Class H,HKEX
00069,Shangri-La Asia Ltd,HKEX
09636,JF SmartInvest Holdings Ltd,HKEX
03677,Jiangsu Zenergy Battery Technologies Group Co Ltd Class H,HKEX
02632,Jiangsu New Vision Automotive Electronics Co Ltd Class H,HKEX
00800,WeRide Inc,HKEX
00390,China Railway Group Ltd Class H,HKEX
06936,S.F. Holding Co Ltd Class H,HKEX
01392,Shenzhen HQVT Technology Co Ltd Class H,HKEX
01060,Damai Entertainment Holdings Ltd,HKEX
09898,Weibo Corp,HKEX
01579,Yihai International Holding Ltd,HKEX
00363,Shanghai Industrial Holdings Ltd,HKEX
00152,Shenzhen International Holdings Ltd,HKEX
00123,Yuexiu Property Co Ltd,HKEX
01918,Sunac China Holdings Ltd,HKEX
03877,CSSC (Hong Kong) Shipping Co Ltd,HKEX
06166,CIG ShangHai Co Ltd Class H,HKEX
00901,Shenzhen SDMC Technology Co Ltd Class H,HKEX
02589,Auntea Jenny (Shanghai) Industrial Co Ltd Class H,HKEX
02637,Fujian Haixi Pharmaceuticals Co Ltd Class H,HKEX
06682,Phancy Group Co Ltd Class H,HKEX
06055,China Tobacco International (HK) Co Ltd,HKEX
06031,Sany Heavy Industry Co Ltd Class H,HKEX
01384,Deepexi Technology Co Ltd Class H,HKEX
00590,Luk Fook Holdings (International) Ltd,HKEX
01277,Kinetic Development Group Ltd,HKEX
06675,SENASIC Electronics Technology Co Ltd Class H,HKEX
00303,Vtech Holdings Ltd,HKEX
02510,T.S. Lines Ltd,HKEX
02016,China Zheshang Bank Co Ltd Class H,HKEX
06855,Ascentage Pharma Group International,HKEX
06872,TenNor Therapeutics (Suzhou) Ltd Class H,HKEX
01578,Bank of Tianjin Co Ltd Class H,HKEX
02778,Champion Real Estate Investment Trust,HKEX
06600,OneRobotics (Shenzhen) Co Ltd Class H,HKEX
00853,Microport Scientific Corp,HKEX
00697,Shoucheng Holdings Ltd,HKEX
00856,VSTECS Holdings Ltd,HKEX
02507,Cirrus Aircraft Ltd,HKEX
09858,China Youran Dairy Group Ltd,HKEX
02335,Shaanxi Micot Pharmaceutical Technology Co Ltd Class H,HKEX
00440,Dah Sing Financial Holdings Ltd,HKEX
02869,Greentown Service Group Co Ltd,HKEX
02729,Zhejiang Galaxis Technology Group Co Ltd Class H,HKEX
09668,China Bohai Bank Co Ltd Class H,HKEX
00881,Zhongsheng Group Holdings Ltd,HKEX
02314,Lee & Man Paper Manufacturing Ltd,HKEX
06106,Shanghai Seer Intelligent Technology Co Ltd Class H,HKEX
06658,Liuliumei Co Ltd Class H,HKEX
01428,Bright Smart Securities & Commodities Group Ltd,HKEX
02596,Yibin City Commercial Bank Co Ltd Class H,HKEX
00921,Hisense Home Appliances Group Co Ltd Class H,HKEX
00546,Fufeng Group Ltd,HKEX
01999,Man Wah Holdings Ltd,HKEX
03388,Shenzhen Creality 3D Technology Co Ltd Class H,HKEX
00177,Jiangsu Expressway Co Ltd Class H,HKEX
06699,Angelalign Technology Inc,HKEX
02643,CaoCao Inc,HKEX
01963,Bank of Chongqing Co Ltd Class H,HKEX
02050,Zhejiang Sanhua Intelligent Controls Co Ltd Class H,HKEX
02299,Billion Industrial Holdings Ltd,HKEX
02272,Keytop Parking Inc Class H,HKEX
09638,Ferretti SpA,HKEX
02883,China Oilfield Services Ltd Class H,HKEX
01866,China XLX Fertiliser Ltd,HKEX
07489,Voyah Automotive Technology Co Ltd Class H,HKEX
01236,Shenzhen Ldrobot Co Ltd Class H,HKEX
02432,Shenzhen Dobot Corp Ltd Class H,HKEX
01779,LongBio Pharma (Suzhou) Co Ltd Class H,HKEX
08603,Fameglow Holdings Ltd,HKEX
02128,China Lesso Group Holdings Ltd,HKEX
03928,China Next-Gen Commerce and Supply Chain Ltd,HKEX
03339,Lonking Holdings Ltd,HKEX
00041,Great Eagle Holdings Ltd,HKEX
06110,Topsports International Holdings Ltd,HKEX
01157,Zoomlion Heavy Industry Science and Technology Co Ltd Class H,HKEX
01083,Towngas Smart Energy Co Ltd,HKEX
03625,Shanghai Foursemi Semiconductor Co Ltd Class H,HKEX
01686,Sunevision Holdings Ltd,HKEX
02145,Shanghai Chicmax Cosmetic Co Ltd Class H,HKEX
01672,Ascletis Pharma Inc,HKEX
00639,Shougang Fushan Resources Group Ltd,HKEX
02607,Shanghai Pharmaceuticals Holding Co Ltd Class H,HKEX
01368,Xtep International Holdings Ltd,HKEX
01681,Consun Pharmaceutical Group Ltd,HKEX
09911,Newborn Town Inc,HKEX
02669,China Overseas Property Holdings Ltd,HKEX
01836,Stella International Holdings Ltd,HKEX
00863,OSL Group Ltd,HKEX
00325,Bloks Group Ltd,HKEX
03996,China Energy Engineering Corp Ltd Class H,HKEX
09887,Nanjing Leads Biolabs Co Ltd Class H,HKEX
00880,SJM Holdings Ltd,HKEX
09690,TUHU Car Inc,HKEX
02595,GenFleet Therapeutics (Shanghai) Inc Class H,HKEX
01021,Guangdong Huayan Robotics Co Ltd Class H,HKEX
02498,RoboSense Technology Co Ltd,HKEX
01216,Zhongyuan Bank Co Ltd Class H,HKEX
07630,IMPACT Therapeutics Inc Class H,HKEX
02727,Shanghai Electric Group Co Ltd Class H,HKEX
02506,Xunfei Healthcare Technology Co Ltd Class H,HKEX
02155,Morimatsu International Holdings Co Ltd,HKEX
00636,KLN Logistics Group Ltd,HKEX
03200,Shenzhen Han's Cnc Technology Co Ltd Class H,HKEX
02025,Ruifeng Power Group Company Ltd,HKEX
01030,Seazen Group Ltd,HKEX
03866,Bank of Qingdao Co Ltd Class H,HKEX
01114,Brilliance China Automotive Holdings Ltd,HKEX
07688,Shanghai Top Numerical Control Technology Co Ltd Class H,HKEX
00336,Huabao International Holdings Ltd,HKEX
01316,Nexteer Automotive Group Ltd,HKEX
06636,Shandong Extreme Vision Technology Co Ltd Class H,HKEX
02630,Vigonvita Life Sciences Co Ltd Class H,HKEX
01186,China Railway Construction Corp Ltd Class H,HKEX
00826,Tiangong International Co Ltd,HKEX
03881,CiDi Inc Class H,HKEX
01811,CGN New Energy Holdings Co Ltd,HKEX
03306,JNBY Design Ltd,HKEX
02391,Tuya Inc,HKEX
02714,Muyuan Foods Group Co Ltd Class H,HKEX
01883,CITIC Telecom International Holdings Ltd,HKEX
09696,Tianqi Lithium Corp Class H,HKEX
00467,United Energy Group Ltd,HKEX
03983,China BlueChemical Ltd Class H,HKEX
00778,Fortune Real Estate Investment Trust (SG),HKEX
09678,Unisound AI Technology Co Ltd Class H,HKEX
00297,Sinofert Holdings Ltd,HKEX
00340,Tongguan Gold Group Ltd,HKEX
01798,China Datang Corp Renewable Power Co Ltd Class H,HKEX
06808,Sun Art Retail Group Ltd,HKEX
02666,Genertec Universal Medical Group Co Ltd,HKEX
00165,China Everbright Ltd,HKEX
01626,Jia Yao Holdings Ltd,HKEX
00934,Sinopec Kantons Holdings Ltd,HKEX
01989,Delton Technology (Guangzhou) Inc Class H,HKEX
01361,361 Degrees International Ltd,HKEX
00995,Anhui Expressway Co Ltd Class H,HKEX
01523,Plover Bay Technologies Ltd,HKEX
02436,LX Technology Group Ltd,HKEX
02142,Hbm Holdings Ltd,HKEX
00506,China Foods Ltd,HKEX
01072,Dongfang Electric Corp Ltd Class H,HKEX
01609,Star Sports Medicine Co Ltd Class H,HKEX
02687,Shanghai Able Digital Science&Tech Co Ltd Class H,HKEX
03288,Foshan Haitian Flavouring and Food Co Ltd Class H,HKEX
01952,Everest Medicines Ltd,HKEX
06655,Huaxin Building Materials Group Co Ltd Class H,HKEX
00045,Hongkong and Shanghai Hotels Ltd,HKEX
01310,HKBN Ltd,HKEX
02556,Marketingforce Management Ltd,HKEX
02196,Shanghai Fosun Pharmaceutical Group Co Ltd Class H,HKEX
02171,CARsgen Therapeutics Holdings Ltd,HKEX
02285,Chervon Holdings Ltd,HKEX
00667,China East Education Holdings Ltd,HKEX
06616,Global New Material International Holdings Ltd,HKEX
08137,Honbridge Holdings Ltd,HKEX
01907,China Risun Group Ltd,HKEX
06666,Evergrande Property Services Group Ltd,HKEX
02858,Yixin Group Ltd,HKEX
01385,Shanghai Fudan Microelectronics Group Co Ltd Class H,HKEX
00990,Deep Source Holdings Ltd,HKEX
02655,Guoxia Technology Co Ltd Class H,HKEX
06069,SY Holdings Group Ltd,HKEX
00354,Chinasoft International Ltd,HKEX
01478,Q Technology (Group) Co Ltd,HKEX
09879,Migao Group Holdings Ltd,HKEX
01117,China Modern Dairy Holdings Ltd,HKEX
03380,Logan Group Co Ltd,HKEX
00517,Cosco Shipping International (Hongkong) Co Ltd,HKEX
00460,Sihuan Pharmaceutical Holdings Group Ltd,HKEX
00999,Xiaocaiyuan International Holding Ltd,HKEX
00600,Axera Semiconductor Co Ltd Class H,HKEX
08279,AGTech Holdings Ltd,HKEX
00598,Sinotrans Ltd Class H,HKEX
02007,Country Garden Holdings Co Ltd,HKEX
02533,Black Sesame International Holding Ltd,HKEX
06938,Suzhou Ribo Life Science Co Ltd Class H,HKEX
00081,China Overseas Grand Oceans Group Ltd,HKEX
02233,West China Cement Ltd,HKEX
00086,Sun Hung Kai & Co Ltd,HKEX
00751,Skyworth Group Ltd,HKEX
09936,Ximei Resources Holding Ltd,HKEX
06613,Lens Technology Co Ltd Class H,HKEX
03868,Xinyi Energy Holdings Ltd,HKEX
00565,Art Group Holdings Ltd,HKEX
00400,Ingdan Inc,HKEX
00373,Allied Group Ltd,HKEX
02652,CF PharmTech Inc Class H,HKEX
02722,Chongqing Machinery & Electric Co Ltd Class H,HKEX
02546,Xizang Zhihui Mining Co Ltd Class H,HKEX
02208,Goldwind Science & Technology Co Ltd Class H,HKEX
01688,Lingyi iTech (Guangdong) Co Class H,HKEX
00108,GR Life Style Co Ltd,HKEX
00855,China Water Affairs Group Ltd,HKEX
03633,Zhongyu Energy Holdings Ltd,HKEX
01313,China Resources Building Materials Technology Holdings Ltd,HKEX
06198,Qingdao Port International Co Ltd Class H,HKEX
02965,Asia Tele-Net and Technology Corporation Ltd,HKEX
02339,Beijingwest Industries International Ltd,HKEX
02616,CStone Pharmaceuticals,HKEX
02186,Luye Pharma Group Ltd,HKEX
02256,Abbisko Cayman Ltd,HKEX
02575,Xuanzhu Biopharmaceutical Co Ltd Class H,HKEX
01513,Livzon Pharmaceutical Group Inc Class H,HKEX
02157,Lepu Biopharma Co Ltd Class H,HKEX
00200,Melco International Development Ltd,HKEX
00317,CSSC Offshore & Marine Engineering Group Co Ltd Class H,HKEX
09966,Alphamab Oncology,HKEX
00570,China Traditional Chinese Medicine Holdings Co Ltd,HKEX
01112,Health and Happiness (H&H) International Holdings Ltd,HKEX
02555,Sichuan Baicha Baidao Industrial Co Ltd Class H,HKEX
00345,Vitasoy International Holdings Ltd,HKEX
06168,Zhou Liu Fu Jewellery Co Ltd Class H,HKEX
00071,Miramar Hotel and Investment Co Ltd,HKEX
01501,Shanghai INT Medical Instruments Co Ltd Class H,HKEX
02558,Jinshang Bank Co Ltd Class H,HKEX
00116,Chow Sang Sang Holdings International Ltd,HKEX
01302,LifeTech Scientific Corp,HKEX
09699,Hangzhou Sf Intra-City Industrial Co Ltd Class H,HKEX
00694,Beijing Capital International Airport Co Ltd Class H,HKEX
00956,China Suntien Green Energy Corp Ltd Class H,HKEX
02609,Bayzed Health Group Inc,HKEX
03759,Pharmaron Beijing Co Ltd Class H,HKEX
00376,Yunfeng Financial Group Ltd,HKEX
01475,Nissin Foods Co Ltd,HKEX
06190,Bank of Jiujiang Co Ltd Class H,HKEX
01071,Huadian Power International Corp Ltd Class H,HKEX
09980,Eastroc Beverage (Group) Co Ltd Class H,HKEX
03969,China Railway Signal & Communication Corp Ltd Class H,HKEX
01333,Breton Technology Co Ltd Class H,HKEX
01081,Dajin Heavy Industry Co Ltd Class H,HKEX
02005,SSY Group Ltd,HKEX
01958,BAIC Motor Corp Ltd Class H,HKEX
01052,Yuexiu Transport infrastructure Ltd,HKEX
02877,China Shineway Pharmaceutical Group Ltd,HKEX
02418,Deewin Tianxia Co Ltd Class H,HKEX
06806,Shenwan Hongyuan Group Co Ltd Class H,HKEX
00975,Mongolian Mining Corp,HKEX
03661,SG Micro Corp Class H,HKEX
09893,Pizu Group Holdings Ltd,HKEX
09630,Circuit Fabology Microelectronics Equipment Co Ltd Class H,HKEX
00173,K Wah International Holdings Ltd,HKEX
00737,Shenzhen Investment Holdings Bay Area Development Co Ltd,HKEX
02172,MicroPort NeuroScientific Corp,HKEX
02190,Zylox-Tonbridge Medical Technology Co Ltd Class H,HKEX
09658,Super Hi International Holding Ltd,HKEX
00119,Poly Property Group Co Ltd,HKEX
00034,Kowloon Development Co Ltd,HKEX
03738,Vobile Group Ltd,HKEX
01880,China Tourism Group Duty Free Corp Ltd Class H,HKEX
03316,Binjiang Service Group Co Ltd,HKEX
02685,Quantgroup Holding Ltd,HKEX
02238,Guangzhou Automobile Group Co Ltd Class H,HKEX
01905,Haitong Unitrust International Financial Leasing Co Ltd Class H,HKEX
03296,Huaqin Co Ltd Class H,HKEX
06687,Jst Group Corporation Ltd,HKEX
06686,Noah Holdings Ltd,HKEX
01300,Trigiant Group Ltd,HKEX
00585,Imagi International Holdings Ltd,HKEX
02659,Shanghai Bao Pharmaceuticals Co Ltd Class H,HKEX
00308,China Travel International Investment Hong Kong Ltd,HKEX
02273,Gushengtang Holdings Ltd,HKEX
01763,China Isotope & Radiation Corp Class H,HKEX
01983,Luzhou Bank Co Ltd Class H,HKEX
06078,Hygeia Healthcare Holdings Co Ltd,HKEX
01789,AK Medical Holdings Ltd,HKEX
00775,CK Life Sciences Intl (Holdings) Inc,HKEX
03958,Orient Securities Co Ltd Class H,HKEX
00604,Shenzhen Investment Ltd,HKEX
01799,Xinte Energy Co Ltd Class H,HKEX
03600,Modern Dental Group Ltd,HKEX
02586,Dmall Inc,HKEX
06693,Chifeng Jilong Gold Mining Group Ltd Class H,HKEX
01951,Jinxin Fertility Group Ltd,HKEX
09890,Tanwan Inc,HKEX
03613,Beijing Tong Ren Tang Chinese Medicine Co Ltd,HKEX
00819,Tianneng Power International Ltd,HKEX
03788,Hanking Gold International Ltd,HKEX
80737,Shenzhen Investment Holdings Bay Area Development Co Ltd,HKEX
01896,Maoyan Entertainment,HKEX
02678,Texhong International Group Ltd,HKEX
06178,Everbright Securities Co Ltd Class H,HKEX
00028,Tian An China Investments Co Ltd,HKEX
00215,Hutchison Telecommunications Hong Kong Holdings Ltd,HKEX
00805,New Gonow Recreational Vehicles Inc,HKEX
02315,Biocytogen Pharmaceuticals (Beijing) Co Ltd Class H,HKEX
02139,Bank of Gansu Co Ltd Class H,HKEX
08083,Youzan Technology Ltd,HKEX
02631,SICC Co Ltd Class H,HKEX
06871,Robotphoenix Intelligent Technology Co Ltd Class H,HKEX
00839,China Education Group Holdings Ltd,HKEX
03887,HashKey Holdings Ltd,HKEX
09927,Seres Group Co Ltd Class H,HKEX
00315,Smartone Telecommunications Holdings Ltd,HKEX
02451,Luyuan Group Holding Cayman Ltd,HKEX
02192,Medlive Technology Co Ltd,HKEX
00062,Transport International Holdings Ltd,HKEX
01921,Dalipal Holdings Ltd,HKEX
01224,C C Land Holdings Ltd,HKEX
02202,China Vanke Co Ltd Class H,HKEX
02517,Guoquan Food Shanghai Co Ltd Class H,HKEX
00548,Shenzhen Expressway Corp Ltd Class H,HKEX
02013,Weimob Inc,HKEX
00258,Tomson Group Ltd,HKEX
01691,JS Global Lifestyle Co Ltd,HKEX
02635,Nuobikan Artificial Intelligence Technology (Chengdu) Co Ltd Class H,HKEX
01610,COFCO Joycome Foods Ltd,HKEX
02657,Shanghai Forest Cabin Cosmetics Group Co Ltd Class H,HKEX
09993,Radiance Holdings (Group) Co Ltd,HKEX
00580,Sun.King Technology Group Ltd,HKEX
02255,Haichang Ocean Park Holdings Ltd,HKEX
01809,Prinx Chengshan Holdings Ltd,HKEX
02158,Yidu Tech Inc,HKEX
00695,Dongwu Cement International Ltd,HKEX
00662,Asia Financial Holdings Ltd,HKEX
03336,Ju Teng International Holdings Ltd,HKEX
02598,Lianlian DigiTech Co Ltd Class H,HKEX
01126,Dream International Ltd,HKEX
01050,Karrie International Holdings Ltd,HKEX
02617,TransThera Sciences (Nanjing) Inc Class H,HKEX
01877,Shanghai Junshi Biosciences Co Ltd Class H,HKEX
02585,Mokingran Jewellery Group Co Ltd Class H,HKEX
03347,Hangzhou Tigermed Consulting Co Ltd Class H,HKEX
01675,AsiaInfo Technologies Ltd,HKEX
00581,China Oriental Group Co Ltd,HKEX
01666,Tong Ren Tang Technologies Co Ltd Class H,HKEX
01234,China Lilang Ltd,HKEX
06831,Green Tea Group Ltd,HKEX
02373,Beauty Farm Medical & Health Industry Inc,HKEX
01184,S A S Dragon Holdings Ltd,HKEX
00259,Yeebo (International Holdings) Ltd,HKEX
01405,DPC Dash Ltd,HKEX
06683,Star Plus Legend Holdings Ltd,HKEX
09676,Shiyue Daotian Group Co Ltd Class H,HKEX
00933,Viva Goods Co Ltd,HKEX
03990,Midea Real Estate Holding Ltd,HKEX
02431,Minieye Technology Co Ltd Class H,HKEX
09878,Huitongda Network Co Ltd Class H,HKEX
01141,CMBC Capital Holdings Ltd,HKEX
00107,Sichuan Expressway Co Ltd Class H,HKEX
02665,Seyond Holdings Ltd,HKEX
01571,Xin Point Holdings Ltd,HKEX
00811,Xinhua Winshare Publishing and Media Co Ltd Class H,HKEX
00435,Sunlight Real Estate Investment Trust REIT,HKEX
00777,NetDragon Websoft Holdings Ltd,HKEX
01477,Ocumension Therapeutics,HKEX
01223,Symphony Holdings Ltd,HKEX
01857,China Everbright Water Ltd,HKEX
01851,China Gingko Education Group Company Limited,HKEX
01618,Metallurgical Corporation of China Ltd Class H,HKEX
02676,Suzhou Novosense Microelectronics Co Ltd Class H,HKEX
06680,Jl Mag Rare-Earth Co Ltd Class H,HKEX
02597,Beijing Xunzhong Communication Technology Co Ltd Class H,HKEX
02156,C&D Property Management Group Co Ltd,HKEX
00289,Wing On Company International Ltd,HKEX
00799,IGG Inc,HKEX
02576,Zhejiang Taimei Medical Technology Co Ltd Class H,HKEX
02880,Liaoning Port Co Ltd Class H,HKEX
03378,Hanx Biopharmaceuticals (Wuhan) Co Ltd Class H,HKEX
09959,Linklogis Inc,HKEX
00866,China Qinfa Group Ltd,HKEX
00232,Continental Aerospace Technologies Holding Ltd,HKEX
00806,Value Partners Group Ltd,HKEX
00613,Planetree International Development Ltd,HKEX
00746,Lee & Man Chemical Co Ltd,HKEX
03382,Tianjin Port Development Holdings Ltd,HKEX
01916,Jiangxi Bank Co Ltd Class H,HKEX
00501,OmniVision Integrated Circuits Group Inc Class H,HKEX
00272,Shui On Land Ltd,HKEX
01051,G-Resources Group Ltd,HKEX
00327,Pax Global Technology Ltd,HKEX
00679,Asia Tele-Net and Technology Corporation Ltd,HKEX
02291,Lepu Scientech Medical Technology Shanghai Co Ltd Class H,HKEX
00338,Sinopec Shanghai Petrochemical Co Ltd Class H,HKEX
00900,Aeon Credit Service Asia Co Ltd,HKEX
00405,Yuexiu Real Estate Investment Trust,HKEX
06805,Kimou Environmental Holding Ltd,HKEX
06960,Shuangdeng Group Co Ltd Class H,HKEX
02650,Shanghai Zhida Technology Development Co Ltd Class H,HKEX
01167,Jacobio Pharmaceuticals Group Co Ltd,HKEX
02656,160 Health International Ltd,HKEX
06998,Edding Genor Group Holdings Ltd,HKEX
02591,Guangzhou Innogen Pharmaceutical Group Co Ltd Class H,HKEX
09979,Greentown Management Holdings Co Ltd,HKEX
03709,EEKA Fashion Holdings Ltd,HKEX
01837,Natural Food International Holding Ltd,HKEX
06821,Asymchem Laboratories (Tianjin) Co Ltd Class H,HKEX
00470,Wuxi Lead Intelligent Equipment Co Ltd Class H,HKEX
01872,Guan Chao Holdings Ltd,HKEX
00693,Tan Chong International Ltd,HKEX
01576,Qilu Expressway Co Ltd Class H,HKEX
03880,Medtide Inc Class H,HKEX
02198,China Sanjiang Fine Chemicals Co Ltd,HKEX
01515,China Resources Medical Holdings Company Ltd,HKEX
00182,Concord New Energy Group Ltd,HKEX
00710,Boe Varitronix Ltd,HKEX
00874,Guangzhou Baiyunshan Pharmaceutical Holdings Co Ltd Class H,HKEX
02509,Qyuns Therapeutics Co Ltd Class H,HKEX
02520,Shanxi Installation Group Co Ltd Class H,HKEX
01272,Datang Environment Industry Group Co Ltd Class H,HKEX
06138,Harbin Bank Co Ltd Class H,HKEX
02411,Shenzhen Pagoda Industrial Group Corp Ltd Class H,HKEX
06929,OrbusNeich Medical Group Holdings Ltd,HKEX
01497,Xiamen Yan Palace Bird's Nest Industry Co Ltd Class H,HKEX
01476,Financial Street Securities Co Ltd Class H,HKEX
06132,HJ Science Co Ltd Class H,HKEX
01785,Chengdu Expressway Co Ltd Class H,HKEX
01033,Sinopec Oilfield Service Corp Class H,HKEX
00797,7Road Holdings Ltd,HKEX
00861,Digital China Holdings Ltd,HKEX
03833,Xinjiang Xinxin Mining Industry Co Ltd Class H,HKEX
00051,Harbour Centre Development Ltd,HKEX
00412,Shandong Hi-Speed Holdings Group Ltd,HKEX
02866,COSCO SHIPPING Development Co Ltd Class H,HKEX
02342,Comba Telecom Systems Holdings Ltd,HKEX
00133,China Merchants China Direct Investments Ltd,HKEX
02583,Shenzhen Hipine Precision Technology Co Ltd Class H,HKEX
02422,Rego Interactive Co Ltd,HKEX
00199,ITC Properties Group Ltd,HKEX
09877,Jenscare Scientific Co Ltd Class H,HKEX
00341,Cafe De Coral Holdings Ltd,HKEX
01104,APAC Resources Ltd,HKEX
00564,ZCZL Industrial Technology Group Co Ltd Class H,HKEX
09929,SEM Holdings Ltd,HKEX
00117,Tianli Holdings Group Ltd,HKEX
02235,MicroTech Medical (Hangzhou) Co Ltd Class H,HKEX
02661,QingSong Health Corp,HKEX
00596,Inspur Digital Enterprise Technology Ltd,HKEX
02179,Jiangsu Recbio Technology Co Ltd Class H,HKEX
00525,Guangshen Railway Co Ltd Class H,HKEX
06868,Tenfu (Cayman) Holdings Co Ltd,HKEX
02488,Launch Tech Co Ltd Class H,HKEX
02427,Guanze Medical Information Industry (Holding) Co Ltd,HKEX
01970,IMAX China Holding Inc,HKEX
00521,CWT International Ltd,HKEX
06657,Baiwang Co Ltd Class H,HKEX
01345,Shanghai Pioneer Holding Ltd,HKEX
00032,Cross-Harbour Holdings Ltd,HKEX
00752,Pico Far East Holdings Ltd,HKEX
02105,Laekna Inc,HKEX
09885,YSB Inc,HKEX
06185,CanSino Biologics Inc Class H,HKEX
09860,Adicon Holdings Ltd,HKEX
06955,Shandong Boan Biotechnology Co Ltd Class H,HKEX
00323,Maanshan Iron & Steel Co Ltd Class H,HKEX
09996,Peijia Medical Ltd,HKEX
09963,Transtech Optelecom Science Holdings Ltd,HKEX
01995,Ever Sunshine Services Group Ltd,HKEX
01432,China Shengmu Organic Milk Ltd,HKEX
02648,Anjoy Foods Group Co Ltd Class H,HKEX
00178,Sa Sa International Holdings Ltd,HKEX
01304,Fortior Technology (Shenzhen) Co Ltd Class H,HKEX
01280,China Qidian Guofeng Holdings Ltd,HKEX
00098,Xingfa Aluminium Holdings Ltd,HKEX
03700,Inkeverse Group Ltd,HKEX
00743,Asia Cement (China) Holdings Corp,HKEX
00369,Wing Tai Properties Ltd,HKEX
02490,LC Logistics Inc,HKEX
01875,BioDlink International Co Ltd,HKEX
00411,Lam Soon Hong Kong Ltd,HKEX
06601,Cheerwin Group Ltd,HKEX
00038,First Tractor Co Ltd Class H,HKEX
01600,Tian Lun Gas Holdings Ltd,HKEX
06865,Flat Glass Group Co Ltd Class H,HKEX
06090,Butong Group,HKEX
06669,Acotec Scientific Holdings Ltd,HKEX
09669,Beisen Holding Ltd,HKEX
01848,China Aircraft Leasing Group Holdings Ltd,HKEX
00732,Truly International Holdings Ltd,HKEX
02579,CNGR Advanced Material Co Ltd Class H,HKEX
01854,China Wantian Holdings Ltd,HKEX
01250,Shandong Hi-Speed New Energy Group Ltd,HKEX
00026,China Motor Bus Co Ltd,HKEX
01458,Zhou Hei Ya International Holdings Company Ltd,HKEX
02480,Beijing Luzhu Biotechnology Co Ltd Class H,HKEX
87001,Hui Xian Real Estate Investment Trust REIT Units,HKEX
02270,Desun Real Estate Investment Services Group Co Ltd,HKEX
01570,Weiye Holdings Ltd,HKEX
00650,Productive Technologies Company Ltd,HKEX
03337,Anton Oilfield Services Group,HKEX
02408,Guangzhou Xiao Noodles Catering Management Co Ltd Class H,HKEX
02429,Beijing UBOX Online Technology Corp Class H,HKEX
01873,VIVA Biotech Holdings,HKEX
00807,SIIC Environment Holdings Ltd,HKEX
02111,Best Pacific International Holdings Ltd,HKEX
08299,GT Gold Holdings Ltd,HKEX
02720,Ridge Outdoor International Ltd,HKEX
03318,China Boton Group Co Ltd,HKEX
00909,Ming Yuan Cloud Group Holdings Ltd,HKEX
01948,Uju Holding Ltd,HKEX
00497,CSI Properties Ltd,HKEX
01717,Ausnutria Dairy Corp Ltd,HKEX
00029,Dynamic Holdings Ltd,HKEX
06626,Yuexiu Services Group Ltd,HKEX
06051,Youzan Technology Ltd,HKEX
00113,Dickson Concepts (International) Ltd,HKEX
01782,International Business Digital Technology Ltd,HKEX
00368,Superland Group Holdings Ltd,HKEX
00558,LK Technology Holdings Ltd,HKEX
06996,Antengene Corp Ltd,HKEX
06681,BrainAurora Medical Technology Ltd,HKEX
00030,YNBY International Ltd,HKEX
00331,FSE Lifestyle Services Ltd,HKEX
03319,A-Living Smart City Services Co Ltd Class H,HKEX
00917,Qunabox Group Ltd,HKEX
02166,Smart-Core Holdings Ltd,HKEX
03978,China Beststudy Education Group,HKEX
01773,Tianli International Holdings Ltd,HKEX
06127,Joinn Laboratories China Co Ltd Class H,HKEX
03636,Yunnan Jinxun Resources Co Ltd Class H,HKEX
02552,Hua Medicine,HKEX
09913,Chi Kan Holdings Ltd,HKEX
01516,Sunac Services Holdings Ltd,HKEX
02361,Sinohealth Technology Holdings Ltd,HKEX
01028,C banner International Holdings Ltd,HKEX
02623,Hong Kong Gold Industry Group Ltd,HKEX
09923,Yeahka Ltd,HKEX
00931,China HK Power Smart Energy Group Ltd,HKEX
01115,5100 Xizang Glacier Co Ltd,HKEX
00882,Tianjin Development Holdings Ltd,HKEX
02121,Ainnovation Technology Group Co Ltd Class H,HKEX
00808,Prosperity Real Estate Investment Trust,HKEX
00709,Giordano International Ltd,HKEX
02410,TYK Medicines Inc Class H,HKEX
02197,Clover Biopharmaceuticals Ltd,HKEX
06896,Golden Throat Holdings Group Co Ltd,HKEX
02660,Zengame Technology Holding Ltd,HKEX
01747,Home Control International Ltd,HKEX
09930,Horizon Construction Development Ltd,HKEX
02549,Carote Ltd,HKEX
00720,Auto Italia Holdings Ltd,HKEX
00894,Man Yue Technology Holdings Ltd,HKEX
06058,China Industrial Securities International Financial Group Ltd,HKEX
02499,Folangsi Co Ltd Class H,HKEX
02561,Visen Pharmaceuticals,HKEX
01760,Intron Technology Holdings Ltd,HKEX
01899,Xingda International Holdings Ltd,HKEX
01330,Dynagreen Environmental Protection Group Co Ltd Class H,HKEX
02199,Regina Miracle International (Holdings) Ltd,HKEX
00085,China Electronics Huada Technology Company Ltd,HKEX
02385,Readboy Education Holding Co Ltd,HKEX
02508,Saint Bella Group Ltd,HKEX
00031,China Aerospace International Holdings Ltd,HKEX
08115,Qingda Oriental Group Co Ltd Class H,HKEX
01979,Ten Pao Group Holdings Ltd,HKEX
02409,Seacon Shipping Group Holdings Ltd,HKEX
01045,APT Satellite Holdings Ltd,HKEX
01709,DL Holdings Group Ltd,HKEX
02169,Canggang Railway Ltd,HKEX
00222,Min Xin Holdings Ltd,HKEX
06608,Bairong Inc,HKEX
02668,Pak Tak International Ltd,HKEX
01009,International Entertainment Corp,HKEX
02236,Wison Engineering Services Co Ltd,HKEX
00658,China High Speed Transmission Equipment Group Co Ltd,HKEX
00127,Chinese Estates Holdings Ltd,HKEX
02571,Beijing Saimo Technology Co Ltd Class H,HKEX
01713,Sichuan Energy Investment Development Co Ltd Class H,HKEX
02309,Zo Future Group,HKEX
02565,PegBio Co Ltd Class H,HKEX
02587,HealthyWay Inc,HKEX
00035,Far East Consortium International Ltd,HKEX
02390,Zhihu Inc,HKEX
02570,Shanghai REFIRE Group Ltd Class H,HKEX
02633,Jacobson Pharma Corporation Ltd,HKEX
02302,CNNC International Ltd,HKEX
01375,Central China Securities Co Ltd Class H,HKEX
02191,SF Real Estate Investment Trust,HKEX
01091,South Manganese Investment Ltd,HKEX
02149,BaTeLab Co Ltd Class H,HKEX
06889,Dynam Japan Holdings Co Ltd,HKEX
00088,Tai Cheung Holdings Ltd,HKEX
06660,AIM Vaccine Co Ltd Class H,HKEX
00816,Jinmao Property Services Co Ltd,HKEX
00393,Glorious Sun Enterprises Ltd,HKEX
02420,Zibuyu Group Ltd,HKEX
09869,Helens International Holdings Co Ltd,HKEX
02768,Qingdao Gon Technology Co Ltd Class H,HKEX
01656,ISDN Holdings Ltd,HKEX
00357,Hainan Meilan International Airport Co Ltd Class H,HKEX
03839,Chia Tai Enterprises International Ltd,HKEX
01426,Spring Real Estate Investment Trust,HKEX
03369,Qinhuangdao Port Co Ltd Class H,HKEX
08395,ZXZN Qi-House Holdings Ltd,HKEX
02519,AuGroup SHENZHEN Cross Border Business Co Ltd Class H,HKEX
00245,China Vered Financial Holding Corp Ltd,HKEX
01521,Frontage Holdings Corp,HKEX
02271,Zhong An Intelligent Living Service Ltd,HKEX
06633,Qingci Games Inc,HKEX
00699,Ningbo Joyson Electronic Corp Class H,HKEX
02522,Jiangxi Rimag Group Co Ltd Class H,HKEX
00105,Associated International Hotels Ltd,HKEX
02677,Distinct Healthcare Holdings Ltd,HKEX
00410,SOHO China Ltd,HKEX
06980,Bama Tea Co Ltd Class H,HKEX
01982,Nameson Holdings Ltd,HKEX
01221,Sino Hotels (Holdings) Ltd,HKEX
03938,LFG Investment Holdings Ltd,HKEX
00301,Sanvo Fine Chemicals Group Ltd,HKEX
03680,Ruihe Data Technology Holdings Ltd,HKEX
01762,Wanka Online Inc,HKEX
00887,Emperor Watch & Jewellery Ltd,HKEX
03813,Pou Sheng International (Holdings) Ltd,HKEX
03818,China Dongxiang (Group) Co Ltd,HKEX
00878,Soundwill Holdings Ltd,HKEX
06136,Kangda International Environmental Company Ltd,HKEX
01597,China Nature Energy Technology Holdings Ltd,HKEX
00628,Tong Tong AI Social Group Ltd,HKEX
08239,Capital Finance Holdings Ltd,HKEX
01122,Qingling Motors Co Ltd Class H,HKEX
03848,Haosen Fintech Group Ltd,HKEX
01911,China Renaissance Holdings Ltd,HKEX
02355,Baoye Group Co Ltd Class H,HKEX
00335,Upbest Group Ltd,HKEX
06858,Honma Golf Ltd,HKEX
06196,Bank of Zhengzhou Co Ltd Class H,HKEX
02181,Mabpharm Ltd,HKEX
02521,Shenghui Cleanness Group Holdings Ltd,HKEX
01780,Rongzun International Holdings Group Ltd,HKEX
00686,Beijing Energy International Holding Co Ltd,HKEX
00240,Build King Holdings Ltd,HKEX
01456,Guolian Minsheng Securities Co Ltd Class H,HKEX
00050,Hong Kong Ferry Holdings Co Ltd,HKEX
08148,Wuxi Life International Holdings Group Ltd,HKEX
00661,China Daye Non-Ferrous Metals Mining Ltd,HKEX
09922,Jiumaojiu International Holdings Ltd,HKEX
03798,Homeland Interactive Technology Ltd,HKEX
01541,ImmuneOnco Biopharmaceuticals (Shanghai) Inc Class H,HKEX
01973,Tian Tu Capital Co Ltd Class H,HKEX
02865,Hainan Drinda New Energy Technology Co Ltd Class H,HKEX
02425,AustAsia Group Ltd,HKEX
02219,Chaoju Eye Care Holdings Ltd,HKEX
01200,Midland Holdings Ltd,HKEX
01481,Smart Globe Holdings Ltd,HKEX
02495,Voicecomm Technology Co Ltd Class H,HKEX
02283,TK Group (Holdings) Ltd,HKEX
03329,BOCOM International Holdings Co Ltd,HKEX
00547,Digital Domain Holdings Ltd,HKEX
02715,Estun Automation Co Ltd Class H,HKEX
02489,Persistence Gold Group Ltd,HKEX
01890,China Kepei Education Group Ltd,HKEX
02582,Jiangsu Guofu Hydrogen Energy Equipment Co Ltd Class H,HKEX
01270,Langham Hospitality Investments Units,HKEX
00194,Liu Chong Hing Investment Ltd,HKEX
02161,JBM (Healthcare) Ltd,HKEX
01657,SG Group Holdings Ltd,HKEX
00242,Shun Tak Holdings Ltd,HKEX
06667,Mega Genomics Ltd,HKEX
06603,IFBH Ltd,HKEX
06609,Shanghai HeartCare Medical Technology Corp Ltd Class H,HKEX
01257,China Everbright Greentech Ltd,HKEX
01358,PW Medtech Group Ltd,HKEX
00398,Oriental Watch Holdings Ltd,HKEX
00347,Angang Steel Co Ltd Class H,HKEX
00434,Boyaa Interactive International Ltd,HKEX
00535,Gemdale Properties and Investment Corporation Ltd,HKEX
02306,YH Entertainment Group,HKEX
00451,Dynasty Digital Holdings Ltd,HKEX
01061,Essex Bio-Technology Ltd,HKEX
02360,Best Mart 360 Holdings Ltd,HKEX
02368,Eagle Nice (International) Holdings Ltd,HKEX
01660,Seven Elements Investment Holdings Ltd,HKEX
01733,E-Commodities Holdings Ltd,HKEX
00321,Texwinca Holdings Ltd,HKEX
02511,HighTide Therapeutics Inc,HKEX
09981,Shenzhen Woer Heat-shrinkable Material Co.  Ltd Class H,HKEX
00830,China State Construction Development Holdings Ltd,HKEX
09990,Archosaur Games Inc,HKEX
01645,Haina Intelligent Equipment International Holdings Ltd,HKEX
00626,Public Financial Holdings Ltd,HKEX
01473,Pangaea Connectivity Technology Ltd,HKEX
02383,Tom Group Ltd,HKEX
01588,Chanjet Information Technology Co Ltd Class H,HKEX
03886,Town Health International Medical Group Ltd,HKEX
09933,GHW International,HKEX
00837,Carpenter Tan Holdings Ltd,HKEX
02348,Dawnrays Pharmaceutical (Holdings) Ltd,HKEX
02175,China General Education Group Ltd,HKEX
00480,HKR International Ltd,HKEX
02477,WellCell Holdings Co Ltd,HKEX
02160,Microport Cardioflow Medtech Corp,HKEX
09663,Sino-Synergy Hydrogen Energy Technology Jiaxing Co Ltd Class H,HKEX
03681,SinoMab BioScience Ltd,HKEX
02566,Hangzhou Jiuyuan Genetic Biopharmaceutical Co Ltd Class H,HKEX
00838,EVA Precision Industrial Holdings Ltd,HKEX
01471,Zhongmiao Holdings Qingdao Co Ltd Class H,HKEX
03658,New Hope Service Holdings Ltd,HKEX
02465,Jiangsu Lopal Tech Group Co Ltd Class H,HKEX
01526,Rici Healthcare Holdings Ltd,HKEX
00951,Chaowei Power Holdings Ltd,HKEX
02886,Binhai Investment Company Ltd,HKEX
09909,Powerlong Commercial Management Holdings Ltd,HKEX
00842,Leoch International Technology Ltd,HKEX
03718,Beijing Enterprises Urban Resources Group Ltd,HKEX
06169,China Yuhua Education Corp Ltd,HKEX
00158,Melbourne Enterprises Ltd,HKEX
01611,Bitfire Group Holdings Ltd,HKEX
06067,Shenzhen Senior Technology Material Co Ltd Class H,HKEX
00218,Shenwan Hongyuan HK Ltd,HKEX
01140,Wealthink Ai-innovation Capital Ltd,HKEX
00147,International Business Settlement Holdings Ltd,HKEX
02563,Beijing Biostar Pharmaceuticals Co Ltd Class H,HKEX
06622,Zhaoke Ophthalmology Ltd,HKEX
01599,Beijing Urban Construction Design & Development Group Co Ltd Class H,HKEX
06063,Lotus Horizon Holdings Ltd,HKEX
01086,Goodbaby International Holdings Ltd,HKEX
02416,Edianyun Ltd,HKEX
01830,Perfect Medical Health Management Ltd,HKEX
06036,Apex Ace Holding Ltd,HKEX
02443,Autostreets Development Ltd,HKEX
00306,Kwoon Chung Bus Holdings Ltd,HKEX
01977,Analogue Holdings Ltd,HKEX
01321,China New City Group Ltd,HKEX
02512,Cloud Factory Technology Holdings Ltd,HKEX
01488,Best Food Holding Company Ltd,HKEX
01903,JBB Builders International Ltd,HKEX
01168,Z Fin Ltd,HKEX
08476,Ocean One Holding Ltd,HKEX
09616,Neutech Group Ltd,HKEX
01601,Zhongguancun Science-Tech Leasing Co Ltd Class H,HKEX
02450,Huaibei GreenGold Industry Investment Co Ltd Class H,HKEX
08049,Jilin Province Huinan Changlong Bio-pharmacy Co Ltd Class H,HKEX
01283,Accel Group Holdings Ltd,HKEX
03669,China Yongda Automobiles Services Holdings Ltd,HKEX
01568,Sundart Holdings Ltd,HKEX
01697,Shandong International Trust Co Ltd Class H,HKEX
01027,Asia Strategy Digit Technology Holdings Ltd,HKEX
00196,Honghua Group Ltd,HKEX
02009,BBMG Corp Class H,HKEX
00691,China Shanshui Cement Group Ltd,HKEX
00025,Chevalier International Holdings Ltd,HKEX
09611,Shanghai Longcheer Technology Co Ltd Class H,HKEX
01935,JH Educational Technology INC,HKEX
01065,Tianjin Capital Environmental Protection Group Co Ltd Class H,HKEX
02559,Dida Inc,HKEX
01940,China Gas Industry Investment Holdings Co Ltd,HKEX
02613,ContiOcean Environment Tech Group Co Ltd Class H,HKEX
01716,Most Kwai Chung Ltd,HKEX
02218,Yantai North Andre Juice Co Ltd Class H,HKEX
01228,CANbridge Pharmaceuticals Inc,HKEX
06668,E-Star Commercial Management Co Ltd,HKEX
03303,Jutal Offshore Oil Services Ltd,HKEX
01635,Shanghai Dazhong Public Utilities Group Co Ltd Class H,HKEX
09680,Chenqi Technology Ltd,HKEX
09991,Baozun Inc,HKEX
00305,Wuling Motors Holdings Ltd,HKEX
01382,Pacific Textiles Holdings Ltd,HKEX
01231,Newton Resources Ltd,HKEX
02798,Perennial Energy Holdings Ltd,HKEX
00918,Majestic Dragon AeroTech Holdings Ltd,HKEX
02399,China Anchu Energy Storage Group Ltd,HKEX
09609,Hebei Haiwei Electronic New Material Technology Co Ltd Class H,HKEX
03989,Capital Environment Holdings Ltd,HKEX
08095,Beijing Beida Jade Bird Universal Sci-Tech Co Ltd Class H,HKEX
00818,Hi Sun Technology (China) Ltd,HKEX
02692,Shenzhen Zhaowei Machinery & Electronics Co Ltd Class H,HKEX
00618,Peking University Resources (Holdings) Company Ltd,HKEX
00978,China Merchants Land Ltd,HKEX
00095,LVGEM (China) Real Estate Investment Co Ltd,HKEX
09908,Jiaxing Gas Group Co Ltd Class H,HKEX
01152,Momentum Financial Holdings Ltd,HKEX
00465,Futong Technology Development Holdings Ltd,HKEX
03309,C-Mer Medical Holdings Ltd,HKEX
00408,Yip's Chemical Holdings Ltd,HKEX
01959,Zhong Ju Investment Group Ltd,HKEX
02265,Hongcheng Environmental Technology Co Ltd,HKEX
02290,Lung Fung Group Holdings Ltd,HKEX
01328,Goldstream Investment Ltd,HKEX
01953,Rimbaco Group Global Ltd,HKEX
03389,Hengdeli Holdings Ltd,HKEX
02001,China New Higher Education Group Ltd,HKEX
02603,Xiamen Jihong Co Ltd Class H,HKEX
09886,Dingdang Health Technology Group Ltd,HKEX
02493,Mabwell (Shanghai) Bioscience Co Ltd Class H,HKEX
02551,APT Electronics Co Ltd Class H,HKEX
02180,Manpowergroup Greater China Ltd,HKEX
01539,Unity Group Holdings International Ltd,HKEX
02701,Nsing Technologies Inc Class H,HKEX
02531,GL-Carlink Technology Holding Ltd,HKEX
02473,XXF Group Holdings Ltd,HKEX
00526,Lisi Group (Holdings) Ltd,HKEX
03816,KFM Kingdom Holdings Ltd,HKEX
01503,China Merchants Commercial Real Estate Invt Trust,HKEX
03399,Guangdong Yueyun Transportation Co Ltd Class H,HKEX
02100,Baioo Family Interactive Ltd,HKEX
01765,XJ International Holdings Co Ltd,HKEX
06939,MEGAIN Holding (Cayman) Co Ltd,HKEX
02317,Vedan International (Holdings) Ltd,HKEX
01593,Chen Lin Education Group Holdings Ltd,HKEX
03991,Changhong Jiahua Holdings Ltd,HKEX
02569,Soft International Group Ltd,HKEX
02881,Wuhan Youji Holdings Ltd,HKEX
00687,Tysan Holdings Ltd,HKEX
02251,Beijing Airdoc Technology Co Ltd Class H,HKEX
01969,China Chunlai Education Group Co Ltd,HKEX
02279,Yonghe Medical Group Co Ltd,HKEX
00264,China International Development Corporation Ltd,HKEX
00527,China Ruifeng Renewable Energy Holdings Ltd,HKEX
01466,Baijin Life Science Holdings Ltd,HKEX
01431,YuanShengTai Dairy Farm Ltd,HKEX
00719,Shandong Xinhua Pharmaceutical Co Ltd Class H,HKEX
00563,Shanghai Industrial Urban Development Group Ltd,HKEX
01696,Sisram Medical Ltd,HKEX
00815,China Silver Group Ltd,HKEX
00568,Shandong Molong Petroleum Machinery Co Ltd Class H,HKEX
00716,Singamas Container Holdings Ltd,HKEX
01881,Regal Real Estate Investment Trust REIT Units,HKEX
01121,Golden Solar New Energy Technology Holdings Ltd,HKEX
00542,China Cultural Tourism and Agriculture Group Ltd,HKEX
00093,Zero Fintech Group Ltd,HKEX
00511,Television Broadcasts Ltd,HKEX
01726,HKE Holdings Ltd,HKEX
01786,Crcc High-Tech Equipment Corp Ltd Class H,HKEX
00664,Hangzhou Tongshifu Cultural and Creative (Group) Co Ltd Class H,HKEX
01985,Microware Group Ltd,HKEX
00488,Lai Sun Development Co Ltd,HKEX
01586,China Leon Inspection Holding Ltd,HKEX
02487,Cutia Therapeutics,HKEX
01981,Cathay Group Holdings Inc,HKEX
00638,Fibocom Wireless Inc Class H,HKEX
06811,Tai Hing Group Holdings Ltd,HKEX
02327,Meilleure Health International Industry Group Ltd,HKEX
06117,Rizhao Port Jurong Co Ltd Class H,HKEX
02098,Zall Smart Commerce Group Ltd,HKEX
00103,Shougang Century Holdings Ltd,HKEX
06100,Tongdao Liepin Group,HKEX
08087,China 33 Group Ltd,HKEX
00474,Aceso Life Science Group Ltd,HKEX
06661,Huzhou Gas Co Ltd Class H,HKEX
00745,China National Culture Group Ltd,HKEX
01450,Be Friends Holding Ltd,HKEX
02209,YesAsia Holdings Ltd,HKEX
00433,North Mining Shares Co Ltd,HKEX
02150,Nayuki Holdings Ltd,HKEX
01627,Able Engineering Holdings Ltd,HKEX
00873,Shimao Services Holdings Ltd,HKEX
00635,Playmates Holdings Ltd,HKEX
09960,Kindstar Globalgene Technology Inc,HKEX
02535,WK Group (Holdings) Ltd,HKEX
01417,Riverine China Holdings Ltd,HKEX
01702,Dongguang Chemical Ltd,HKEX
02516,FAR International Holdings Group Co Ltd,HKEX
01020,Ciprun Technology Holdings Company Ltd,HKEX
00621,Taung Gold International Ltd,HKEX
01931,Ethk Labs Inc,HKEX
00798,China Electronics Optics Valley Union Holding Co Ltd,HKEX
03893,CROSSTEC Group Holdings Ltd,HKEX
03773,Yinsheng Digifavor Co Ltd,HKEX
03838,China Starch Holdings Ltd,HKEX
08370,Zhi Sheng Group Holdings Ltd,HKEX
00374,Four Seas Mercantile Holdings Ltd,HKEX
02536,Palasino Holdings Ltd,HKEX
09639,Wing Lee Development Construction Holdings Ltd,HKEX
00156,Lippo China Resources Ltd,HKEX
00057,Chen Hsong Holdings Ltd,HKEX
06086,Fangzhou Inc,HKEX
08321,Tai Kam Holdings Ltd,HKEX
01643,Modern Chinese Medicine Group Co Ltd,HKEX
06922,Cryofocus Medtech (Shanghai) Co Ltd Class H,HKEX
09939,Kintor Pharmaceutical Ltd,HKEX
02469,Fenbi Ltd,HKEX
08198,Crypto Flow Technology Ltd,HKEX
00314,Sipai Health Technology Co  Ltd,HKEX
02592,Cloudbreak Pharma Inc,HKEX
00212,Nanyang Holdings Ltd,HKEX
03650,Keep Inc,HKEX
01127,Lion Rock Group Ltd,HKEX
02130,CN Logistics International Holdings Ltd,HKEX
02691,Nanhua Futures Co Ltd Class H,HKEX
01815,Mount Everest Gold Group Co Ltd,HKEX
00472,New Silkroad Holding Group Ltd,HKEX
00609,Tiande Chemical Holdings Ltd,HKEX
00157,Natural Beauty Bio-Technology Ltd,HKEX
00255,Lung Kee Group Holdings Ltd,HKEX
02789,Yuanda China Holdings Ltd,HKEX
02153,Tat Hong Equipment Service Co Ltd,HKEX
01090,Da Ming International Holdings Ltd,HKEX
01483,Net A Go Technology Co Ltd,HKEX
02483,K Cash Corp Ltd,HKEX
08540,Victory Securities (Holdings) Co Ltd,HKEX
00266,Tian Teck Land Ltd,HKEX
00206,CM Energy Tech Co Ltd,HKEX
00128,ENM Holdings Ltd,HKEX
00623,SinoMedia Holding Ltd,HKEX
00554,Hans Group Holdings Ltd,HKEX
01003,Huanxi Media Group Ltd,HKEX
09989,Shenzhen Hepalink Pharmaceutical Group Co Ltd Class H,HKEX
01372,China Carbon Neutral Development Group Ltd,HKEX
00533,Goldlion Holdings Ltd,HKEX
00536,TradeLink Electronic Commerce Ltd,HKEX
01082,Bradaverse Education (Int'l) Investments Group Ltd,HKEX
00538,Ajisen (China) Holdings Ltd,HKEX
00131,Cheuk Nang Holdings Ltd,HKEX
00237,Safety Godown Co Ltd,HKEX
02136,Lifestyle China Group Ltd,HKEX
01712,Dragon Mining Ltd,HKEX
02002,China Sunshine Paper Holdings Co Ltd,HKEX
02030,Cabbeen Fashion Ltd,HKEX
01731,Prosperous Industrial (Holdings) Ltd,HKEX
01617,Nanfang Communication Holdings Ltd,HKEX
01085,Hengxin Technology Ltd,HKEX
00611,China Nuclear Energy Technology Corp Ltd,HKEX
02543,Dahon Tech (Shenzhen) Co Ltd Class H,HKEX
00383,Tian An Medicare Ltd,HKEX
00186,Nimble Holdings Co Ltd,HKEX
02372,WEIli Holdings Ltd,HKEX
01137,Hong Kong Technology Venture Co Ltd,HKEX
01201,Tesson Holdings Ltd,HKEX
00205,BFB Health Ltd,HKEX
01425,Justin Allen Holdings Ltd,HKEX
01463,C-Link Squared Ltd,HKEX
00163,Emperor International Holdings Ltd,HKEX
00627,Vision Synergy Holdings Ltd,HKEX
01986,Tsaker New Energy Tech Co Ltd,HKEX
02550,Easou Technology Holdings Ltd,HKEX
02482,Logory Logistics Technology Co Ltd Class H,HKEX
01142,Eandp Global Holdings Ltd,HKEX
01029,IRC Ltd,HKEX
00727,Crown International Corp Ltd,HKEX
01180,Paradise Entertainment Ltd,HKEX
01858,Beijing Chunlizhengda Medical Instruments Co Ltd Class H,HKEX
01528,Red Star Macalline Group Corp Ltd Class H,HKEX
00217,China Chengtong Development Group Ltd,HKEX
02777,Guangzhou R&F Properties Co Ltd Class H,HKEX
01238,Powerlong Real Estate Holdings Ltd,HKEX
09686,Xikang Cloud Hospital Holdings Inc,HKEX
02560,Anhui Conch Material Technology Co Ltd Class H,HKEX
00505,Xingye Alloy Materials Group Ltd,HKEX
00595,AV Concept Holdings Ltd,HKEX
01255,TATA Health International Holdings Ltd,HKEX
01274,iMotion Automotive Technology Suzhou Co Ltd Class H,HKEX
02011,Gilston Group Ltd,HKEX
00420,Fountain Set Holdings Ltd,HKEX
00898,Multifield International Holdings Ltd,HKEX
08220,Bingo Group Holdings Ltd,HKEX
01346,Lever Style Corp,HKEX
01349,Shanghai Fudan-Zhangjiang Bio-Pharmaceutical Co Ltd Class H,HKEX
02289,Charmacy Pharmaceutical Co Ltd Class H,HKEX
00209,Poly Xverse Intelligent Technology Co. Ltd,HKEX
02878,Solomon Systech (International) Ltd,HKEX
00184,Keck Seng Investments Hong Kong Ltd,HKEX
01943,King's Stone Holdings Group Ltd,HKEX
00553,Nanjing Panda Electronics Co Ltd Class H,HKEX
01820,Pacific Millennium Packaging Group Corp,HKEX
00655,Hongkong Chinese Ltd,HKEX
06820,FriendTimes Inc,HKEX
00334,China Display Optoelectronics Technology Holdings Ltd,HKEX
06933,Sino-Entertainment Technology Holdings Ltd,HKEX
02530,Numans Health Food Holdings Co Ltd,HKEX
01846,Euroeyes International Eye Clinic Ltd,HKEX
01057,Zhejiang Shibao Co Ltd Class H,HKEX
02298,Cosmo Lady (China) Holdings Co Ltd,HKEX
00251,S E A Holdings Ltd,HKEX
02581,BenQ BM Holding Cayman Corp,HKEX
01410,Edvance International Holdings Ltd,HKEX
09882,Best Linking Group Holdings Ltd,HKEX
00365,Sino Ict Holdings Ltd,HKEX
00560,Chu Kong Shipping Enterprises Group Co Ltd,HKEX
00603,China Oil and Gas Group Ltd,HKEX
00711,Asia Allied Infrastructure Holdings Ltd,HKEX
00239,Pak Fah Yeow International Ltd,HKEX
01525,Shanghai Gench Education Group Ltd,HKEX
02481,SL Gemini Energy Co Ltd Class H,HKEX
00640,Infinity Development Holdings Company Ltd,HKEX
02407,Gaush Meditech Ltd,HKEX
01161,Water Oasis Group Ltd,HKEX
00993,XinKong International Capital Holdings Ltd,HKEX
02496,Wuhan YZY Biopharma Co Ltd Class H,HKEX
01502,Financial Street Property Co Ltd Class H,HKEX
03300,China Glass Holdings Ltd,HKEX
01577,Quanzhou Huixin Micro-credit Co Ltd Class H,HKEX
02621,Shouhui Group Ltd,HKEX
01831,Shifang Holding Ltd,HKEX
02567,Qiniu Ltd,HKEX
00493,GOME Retail Holdings Ltd,HKEX
09876,Ocean One Holding Ltd,HKEX
09857,Linmon Media Ltd,HKEX
03383,Agile Group Holdings Ltd,HKEX
08418,Optima Automobile Group Holdings Ltd,HKEX
00884,CIFI Holdings (Group) Co Ltd,HKEX
01187,Cofoe Medical Technology Co Ltd Class H,HKEX
01652,Fusen Pharmaceutical Co Ltd,HKEX
01685,Boer Power Holdings Ltd,HKEX
02051,Vala Inc,HKEX
02008,Phoenix Media Investment (Holdings) Ltd,HKEX
00676,Pegasus International Holdings Ltd,HKEX
02068,China Aluminum International Engineering Corp Ltd Class H,HKEX
01865,Pengo Holdings Group Ltd,HKEX
01204,BoardWare Intelligence Technology Ltd,HKEX
00353,Energy International Investments Holdings Ltd,HKEX
00528,Kingdom Holdings Ltd,HKEX
00418,Founder Holdings Ltd,HKEX
00370,Hong Kong Robotics Group Holding Ltd,HKEX
00351,Asia Energy Logistics Group Ltd,HKEX
06898,China Aluminum Cans Holdings Ltd,HKEX
06162,China Tianrui Automotive Interiors Co Ltd,HKEX
08371,Taste . Gourmet Group Ltd,HKEX
02137,Brii Biosciences Ltd,HKEX
02458,Gala Technology Holding Ltd,HKEX
00419,Hony Media Group,HKEX
02377,China Boqi Environmental (Holding) Co Ltd,HKEX
01268,China MeiDong Auto Holdings Ltd,HKEX
00813,Shimao Group Holdings Ltd,HKEX
01653,MOS House Group Ltd,HKEX
01861,Precious Dragon Technology Holdings Ltd,HKEX
03836,China Harmony Auto Holding Ltd,HKEX
03686,Clifford Modern Living Holdings Ltd,HKEX
00360,New Focus Auto Tech Holdings Ltd,HKEX
01906,Bonny International Holding Ltd,HKEX
01622,Redco Properties Group Ltd,HKEX
02651,Wuhan Dazhong Dental Medical Co Ltd Class H,HKEX
01769,Scholar Education Group,HKEX
01538,Zhong Ao Home Group Ltd,HKEX
03268,MeiG Smart Technology Co Ltd Class H,HKEX
00210,Daphne International Holdings Ltd,HKEX
00610,Wai Kee Holdings Ltd,HKEX
02205,Kangqiao Service Group Ltd,HKEX
02562,Synagistics Ltd,HKEX
01118,Golik Holdings Ltd,HKEX
06989,Excellence Commercial Property & Facilities Management Group Ltd,HKEX
08017,TradeGo FinTech Ltd,HKEX
01583,Qinqin Foodstuffs Group Cayman Co Ltd,HKEX
01244,3D Medicines Inc,HKEX
02969,Global Bio-chem Technology Group Co Ltd,HKEX
00450,Hung Hing Printing Group Ltd,HKEX
02260,Vanov Holdings Co Ltd,HKEX
03999,Dachan Food Asia Ltd,HKEX
00648,SoftMedx Healthcare Ltd,HKEX
02028,Jolimark Holdings Ltd,HKEX
03348,China PengFei Group Ltd,HKEX
01036,Vanke Overseas Investment Holding Co Ltd,HKEX
01868,Neo-Neon Holdings Ltd,HKEX
06959,Changjiu Holdings Ltd,HKEX
03377,Sino-Ocean Group Holding Ltd,HKEX
01823,Huayu Expressway Group Ltd,HKEX
00149,China Agri-Products Exchange Ltd,HKEX
02350,MTT Group Holdings Ltd,HKEX
01022,Feiyu Technology International Company Ltd,HKEX
00159,Brockman Mining Ltd,HKEX
00556,Pan Asia Environmental Protection Group Ltd,HKEX
02503,Zhongshen Jianye Holding Ltd,HKEX
02126,JW (Cayman) Therapeutics Co Ltd,HKEX
06828,Beijing Gas Blue Sky Holdings Ltd,HKEX
00771,Automated Systems Holdings Ltd,HKEX
02892,Million Cities Holdings Ltd,HKEX
00018,Oriental Media Group Ltd,HKEX
00040,Gold Peak Technology Group Ltd,HKEX
01303,Huili Resources Group Ltd,HKEX
00154,Beijing Enterprises Environment Group Ltd,HKEX
00950,Lee's Pharmaceutical Holdings Ltd,HKEX
01119,iDreamSky Technology Holdings Ltd,HKEX
06829,Dragon Rise Group Holdings Ltd,HKEX
03638,Hunlicar Group Ltd,HKEX
02415,MedSci Healthcare Holdings Ltd,HKEX
01442,Infinity Logistics and Transport Ventures Ltd,HKEX
01278,China New Town Development Co Ltd,HKEX
01100,Mainland Headwear Holdings Ltd,HKEX
02262,Steve Leung Design Group Ltd,HKEX
09689,JTF International Holdings Ltd,HKEX
06113,BitStrat Holdings Ltd,HKEX
06919,Renrui Human Resources Technology Holdings Ltd,HKEX
00224,Pioneer Global Group Ltd,HKEX
00099,Wong's International Holdings Ltd,HKEX
01108,Triumph New Energy Co Ltd Class H,HKEX
00464,China In-Tech Ltd,HKEX
01271,Grand Ming Group Holdings Ltd,HKEX
01334,Ruichang International Holdings Ltd,HKEX
02000,SIM Technology Group Ltd,HKEX
00391,Mei Ah Entertainment Group Ltd,HKEX
01202,Chengdu SIWI Science and Technology Co Ltd Class H,HKEX
01499,OKG Technology Holdings Ltd,HKEX
00201,Magnificent Hotel Investments Ltd,HKEX
02381,SMC Electric Ltd,HKEX
00952,Quam Plus International Financial Ltd,HKEX
01203,GDH Guangnan (Holdings) Ltd,HKEX
01980,Tian Ge Interactive Holdings Ltd,HKEX
02402,Beijing SinoHytec Co Ltd Class H,HKEX
03737,Zhongzhi Pharmaceutical Holdings Ltd,HKEX
00052,Fairwood Holdings Ltd,HKEX
00862,Vision Values Holdings Ltd,HKEX
00225,Pokfulam Development Co Ltd,HKEX
00673,China Health Group Ltd,HKEX
01290,China Huirong Financial Holdings Ltd,HKEX
08188,GME Group Holdings Ltd,HKEX
08162,Loco Hong Kong Holdings Ltd,HKEX
00677,Golden Resources Development International Ltd,HKEX
01084,Green Fresh Biotechnology Co Ltd,HKEX
00160,Hon Kwok Land Investment Co Ltd,HKEX
06188,Beijing Digital Telecom Co Ltd Class H,HKEX
02281,Luzhou Xinglu Water (Group) Co Ltd Class H,HKEX
00228,China Energy Development Holdings Ltd,HKEX
00191,Lai Sun Garment International Ltd,HKEX
01553,Maike Tube Industry Holdings Ltd,HKEX
00860,Apollo Future Mobility Group Ltd,HKEX
01693,BGMC International Ltd,HKEX
08227,XiAn Haitian Antenna Technologies Co Ltd Class H,HKEX
02958,Vision Values Holdings Ltd,HKEX
08403,Defeng Solife Holdings Ltd,HKEX
08450,EDICO Holdings Ltd,HKEX
00929,IPE Group Ltd,HKEX
02453,Concord Healthcare Group Co Ltd Class H,HKEX
01075,Capinfo Co Ltd Class H,HKEX
01808,Enterprise Development Holdings Ltd,HKEX
00080,CAI Corp,HKEX
01412,Q P Group Holdings Ltd,HKEX
09919,Activation Group Holdings Ltd,HKEX
06676,ZG Group,HKEX
00731,C&D Newin Paper & Pulp Corporation Ltd,HKEX
03828,Ming Fai International Holdings Ltd,HKEX
02500,Venus Medtech (Hangzhou) Inc Class H,HKEX
03678,Soho Holly Futures Co Ltd Class H,HKEX
08195,Legendary Education Group Ltd,HKEX
00089,Tai Sang Land Development Ltd,HKEX
01608,VPower Group International Holdings Ltd,HKEX
00302,CMGE Technology Group Ltd,HKEX
00279,ARTA TechFin Corporation Ltd,HKEX
00750,China Shuifa Singyes Energy Holdings Ltd,HKEX
02625,Jiangsu Horizon Chain Supermarket Co Ltd Class H,HKEX
02120,Wenzhou Kangning Hospital Co Ltd Class H,HKEX
06826,Shanghai Haohai Biological Technology Co Ltd Class H,HKEX
01489,GC Construction Holdings Ltd,HKEX
03315,Goldpac Group Ltd,HKEX
00382,Edvantage Group Holdings Ltd,HKEX
00869,Playmates Toys Ltd,HKEX
02033,Time Watch Investments Ltd,HKEX
02146,Roiserv Lifestyle Services Co Ltd Class H,HKEX
00854,Willas-Array Electronics (Holdings) Ltd,HKEX
00458,Tristate Holdings Ltd,HKEX
02392,Xuan Wu Cloud Technology Holdings Ltd,HKEX
00846,Mingfa Group (International) Co Ltd,HKEX
01853,Jilin Province Chuncheng Heating Co Ltd Class H,HKEX
02176,CCID Consulting Co Ltd Class H,HKEX
00587,China Conch Environment Protection Holdings Ltd,HKEX
02779,China Xinhua Education Group Ltd,HKEX
01319,Oi Wah Pawnshop Credit Holdings Ltd,HKEX
01692,Town Ray Holdings Ltd,HKEX
01262,Labixiaoxin Snacks Group Ltd,HKEX
02167,TI Cloud Inc,HKEX
01183,MECOM Power and Construction Ltd,HKEX
00690,Uni-Bio Science Group Ltd,HKEX
02187,Zhixin Group Holding Ltd,HKEX
01756,China Science and Education Industry Group Ltd,HKEX
08637,Metasurface Technologies Holdings Ltd,HKEX
01669,Global International Credit Group Ltd,HKEX
06966,China Wan Tong Yuan (Holdings) Ltd,HKEX
02257,Sirnaomics Ltd,HKEX
01522,Bii Railway Transportation Technology Holdings Co Ltd,HKEX
00848,Maoye International Holdings Ltd,HKEX
08507,i.century Holding Ltd,HKEX
03689,Guangdong Kanghua Healthcare Group Co Ltd Class H,HKEX
01720,Putian Communication Group Ltd,HKEX
01461,Zhongtai Futures Co Ltd Class H,HKEX
01790,TIL Enviro Ltd,HKEX
00829,Shenguan Holdings (Group) Ltd,HKEX
00529,SiS International Holdings Ltd,HKEX
08030,Fengyinhe Holdings Ltd,HKEX
00606,SCE Intelligent Commercial Management Holdings Ltd,HKEX
02540,Lesi Group Ltd,HKEX
01260,Wonderful Sky Financial Group Holdings Ltd,HKEX
01317,China Maple Leaf Educational Systems Ltd,HKEX
01638,Kaisa Group Holdings Ltd,HKEX
01878,SouthGobi Resources Ltd,HKEX
02185,Shanghai Bio-heart Biological Technology Co Ltd Class H,HKEX
02321,Swang Chai Chuan Ltd,HKEX
06628,Transcenta Holding Ltd,HKEX
02337,United Strength Power Holdings Ltd,HKEX
00550,Allegro Culture Ltd,HKEX
06182,Twintek Investment Holdings Ltd,HKEX
02405,Powerwin Tech Group Ltd,HKEX
00090,Puxing Energy Ltd,HKEX
01565,Virscend Education Company Ltd,HKEX
00280,King Fook Holdings Ltd,HKEX
02501,Maiyue Technology Ltd,HKEX
03768,Kunming Dianchi Water Treatment Co Ltd Class H,HKEX
00979,Green Energy Group Ltd,HKEX
01243,Wang On Properties Ltd,HKEX
01925,Kwung's Aroma Holdings Ltd,HKEX
01373,International Housewares Retail Co Ltd,HKEX
02396,B&K Corp Ltd Class H,HKEX
01612,Vincent Medical Holdings Ltd,HKEX
00588,Beijing North Star Co Ltd Class H,HKEX
08521,WebX International Holdings Co Ltd,HKEX
01569,Minsheng Education Group Company Ltd,HKEX
01520,Virtual Mind Holding Co Ltd,HKEX
00169,Wanda Hotel Development Co Ltd,HKEX
01053,Chongqing Iron & Steel Co Ltd Class H,HKEX
02438,Mobvoi Inc,HKEX
01673,Huazhang Technology Holding Ltd,HKEX
06123,YTO International Express and Supply Chain Technology Ltd,HKEX
00730,Capital Industrial Financial Services Group Ltd,HKEX
08375,Data Union Capital International Holdings Group Ltd,HKEX
03869,Hospital Corporation of China Ltd,HKEX
02389,Beijing Health (Holdings) Ltd,HKEX
02189,Kato (Hong Kong) Holdings Ltd,HKEX
02502,Henan Jinyuan Hydrogenated Chemicals Co Ltd Class H,HKEX
00987,China Renewable Energy Investment Ltd,HKEX
01856,Ernest Borel Holdings Ltd,HKEX
06908,HG Semiconductor Ltd,HKEX
09983,Central China New Life Ltd,HKEX
02683,Wah Sun Handbags International Holdings Ltd,HKEX
09928,Times Neighborhood Holdings Ltd,HKEX
00672,Zhong An Group Ltd,HKEX
02003,VCREDIT Holdings Ltd,HKEX
02671,USAS Building System (Shanghai) Co Ltd Class H,HKEX
01251,SPT Energy Group Inc,HKEX
00432,Pacific Century Premium Developments Ltd,HKEX
00825,New World Department Store China Ltd,HKEX
08431,Hao Bai International (Cayman) Ltd,HKEX
00236,San Miguel Brewery Hong Kong Ltd,HKEX
01023,Sitoy Group Holdings Ltd,HKEX
00833,Alltronics Holdings Ltd,HKEX
00519,Novautek Technologies Group Ltd,HKEX
08037,China Biotech Services Holdings Ltd,HKEX
00994,CT Vision (International) Holdings Ltd,HKEX
00202,EverChina Intl Holdings Co Ltd,HKEX
01292,Changan Minsheng APLL Logistics Co Ltd Class H,HKEX
02165,Ling Yue Services Group Ltd,HKEX
00980,Lianhua Supermarket Holdings Co Ltd Class H,HKEX
01380,China Kingstone Mining Holdings Ltd,HKEX
02138,EC Healthcare,HKEX
06083,World-Link Logistics (Asia) Holding Ltd,HKEX
01727,Hebei Construction Group Corp Ltd Class H,HKEX
00784,Ling Yui Holdings Ltd,HKEX
01641,Hongxing Coldchain (Hunan) Co Ltd Class H,HKEX
01746,Man Shun Group (Holdings) Ltd,HKEX
00367,Chuang's Consortium International Ltd,HKEX
03368,PARKSON Retail Group Ltd,HKEX
00641,CHTC Fong's International Co Ltd,HKEX
02230,Medialink Group Ltd,HKEX
02159,Mediwelcome Healthcare Management & Technology Inc,HKEX
03882,Sky Light Holdings Ltd,HKEX
01945,Zero2ipo Holdings Inc,HKEX
08246,Zhonghua Gas Holdings Ltd,HKEX
02529,Hollwin Urban Operation Service Group Co Ltd Class H,HKEX
01116,Huiyuan Cowins Technology Group Ltd,HKEX
02152,Suxin Joyful Life Services Co Ltd Class H,HKEX
00277,Tern Properties Co Ltd,HKEX
08026,China Brilliant Global Ltd,HKEX
01097,I-CABLE Communications Ltd,HKEX
01909,Fire Rock Holdings Ltd,HKEX
02329,Glory Health Industry Ltd,HKEX
02439,China Treasures New Materials Group Ltd,HKEX
03997,Telecom Service One Holdings Ltd,HKEX
02573,Newtrend Group Holding Co Ltd Class H,HKEX
01285,Jiashili Group Ltd,HKEX
02325,Yunkang Group Ltd,HKEX
00229,Raymond Industrial Ltd,HKEX
01723,Moon Inc,HKEX
01661,China Frontier Technology Group,HKEX
01098,Road King Infrastructure Ltd,HKEX
00097,Henderson Investment Ltd,HKEX
01662,Yee Hop Holdings Ltd,HKEX
01719,China Infrastructure & Logistics Group Ltd,HKEX
08229,Future Data Group Ltd,HKEX
02440,MemeStrategy Inc,HKEX
01630,Kin Shing Holdings Ltd,HKEX
00717,Emperor Capital Group Ltd,HKEX
01282,Renze Harvest International Ltd,HKEX
08041,IntelliMark AI International Ltd,HKEX
01587,Shineroad International Holdings Ltd,HKEX
02486,Plus Group Holdings Inc,HKEX
08247,Biosino Bio-Technology and Science Inc Class H,HKEX
00111,Cinda International Holdings Ltd,HKEX
08120,China Demeter Financial Investments Ltd,HKEX
02239,Smit Holdings Ltd,HKEX
08050,City Coolxuan Co Ltd,HKEX
00219,Shun Ho Property Investments Ltd,HKEX
00265,Gangyu Smart Urban Services Holding Ltd,HKEX
01399,Veson Holdings Ltd,HKEX
00789,Artini Holdings Ltd,HKEX
00366,Luks Group (Vietnam Holdings) Company Ltd,HKEX
08391,Cornerstone Technologies Holdings Ltd,HKEX
02177,UNQ Holdings Ltd,HKEX
00320,Computime Group Ltd,HKEX
00337,Greenland Hong Kong Holdings Ltd,HKEX
01936,Ritamix Global Ltd,HKEX
02539,Lemo Services Co Ltd Class H,HKEX
09982,Central China Management Co Ltd,HKEX
02322,Modern Innovative Digital Technology Co Ltd,HKEX
00235,CSC Holdings Ltd,HKEX
00567,Jsmart Technologies Group Ltd,HKEX
01870,Acme International Holdings Ltd,HKEX
01623,Hilong Holding Ltd,HKEX
02619,X.J. Electrics (Hu Bei) Group Co Ltd Class H,HKEX
00114,Herald Holdings Ltd,HKEX
02863,Golden Faith Group Holdings Ltd,HKEX
08611,Mindtell Technology Ltd,HKEX
06677,Sino-Ocean Service Holding Ltd,HKEX
01631,REF Holdings Ltd,HKEX
02023,China Ludao Technology Co Ltd,HKEX
06866,Zuoli Kechuang Co Ltd Class H,HKEX
00524,Great Wall Terroir Holdings Ltd,HKEX
01011,China NT Pharma Group Co Ltd,HKEX
01900,China ITS Holdings Co Ltd,HKEX
01397,Baguio Green Group Ltd,HKEX
00078,Regal Hotels International Holdings Ltd,HKEX
00722,UMP Healthcare Holdings Ltd,HKEX
08328,Xinyi Electric Storage Holdings Ltd,HKEX
03778,China Weaving Materials Holdings Ltd,HKEX
09955,ClouDr Group Ltd,HKEX
01832,SAI Leisure Group Co Ltd,HKEX
01679,Risecomm Group Holdings Ltd,HKEX
01159,Smart Digital Technology Group Ltd,HKEX
02957,China Financial International Investments Ltd,HKEX
00721,China Financial International Investments Ltd,HKEX
00895,Dongjiang Environmental Co Ltd Class H,HKEX
06830,Huazhong In Vehicle Holdings Co Ltd,HKEX
00256,Citychamp Watch & Jewellery Group Ltd,HKEX
01226,China Investment and Finance Group Ltd,HKEX
06093,Hevol Services Group Co Ltd,HKEX
02700,Green International Holdings Ltd,HKEX
00037,Far East Hotels and Entertainment Ltd,HKEX
00244,Sincere Co Ltd,HKEX
03688,Top Spring International Holdings Ltd,HKEX
00496,Kasen International Holdings Ltd,HKEX
08146,Grace Wine Holdings Ltd,HKEX
02101,Fulu Holdings Ltd,HKEX
01556,Chinney Kin Wing Holdings Ltd,HKEX
06885,Henan Jinma Energy Co Ltd Class H,HKEX
06118,Austar Lifesciences Ltd,HKEX
01079,Pine Technology Holdings Ltd,HKEX
00875,Congyu Intelligent Agricultural Holdings Ltd,HKEX
00227,First Shanghai Investments Ltd,HKEX
00252,Southeast Asia Properties & Finance Ltd,HKEX
03302,Kinergy Corporation Ltd,HKEX
01073,Da Yu Financial Holdings Ltd,HKEX
00608,High Fashion International Ltd,HKEX
01348,Quali-Smart Holdings Ltd,HKEX
00698,Tongda Group Holdings Ltd,HKEX
08512,Hyfusin Group Holdings Ltd,HKEX
02108,K2 F&B Holdings Ltd,HKEX
02263,Fu Shek Financial Holdings Ltd,HKEX
01640,Qian Xun Technology Ltd,HKEX
01813,KWG Group Holdings Ltd,HKEX
00329,OCI International Holdings Ltd,HKEX
02170,Suzhou Basecare Medical Corp Ltd Class H,HKEX
00339,WebX Holding Group Ltd,HKEX
00689,EPI (Holdings) Ltd,HKEX
06698,STAR CM Holdings Ltd,HKEX
00082,Crazy Sports Group Ltd,HKEX
01332,Touyun Biotech Group Ltd,HKEX
01046,Universe Entertainment and Culture Group Company Ltd,HKEX
01401,Future Machine Ltd,HKEX
01490,AI X Tech Inc,HKEX
06911,Puer Lancang Ancient Tea Co Ltd Class H,HKEX
02347,Yoho Group Holdings Ltd,HKEX
01130,China Environmental Resources Group Ltd,HKEX
01596,Hebei Yichen Industrial Group Corp Ltd Class H,HKEX
00124,Guangdong Land Holdings Ltd,HKEX
02497,Fujing Holdings Co Ltd,HKEX
00616,Asset Chain Ltd,HKEX
00822,Ka Shui International Holdings Ltd,HKEX
02336,Shuoao International Holdings Ltd,HKEX
06038,G & M Holdings Ltd,HKEX
02116,Jiangsu Innovative Ecological New Materials Ltd,HKEX
02119,Tsit Wing International Holdings Ltd,HKEX
02297,Rainmed Medical Ltd,HKEX
01777,Fantasia Holdings Group Co Ltd,HKEX
02222,NVC International Holdings Ltd,HKEX
00897,Wai Yuen Tong Medicine Holdings Ltd,HKEX
01725,China Strategic Technology Group Ltd,HKEX
00146,Tai Ping Carpets International Ltd,HKEX
02680,Innovax Holdings Ltd,HKEX
00413,South China Holdings Co Ltd,HKEX
00827,Ko Yo Chemical (Group) Ltd,HKEX
02457,Buyang International Holding Inc,HKEX
00943,Zhongzheng International Co Ltd,HKEX
01480,Yan Tat Group Holdings Ltd,HKEX
01812,Shandong Chenming Paper Holdings Ltd Class H,HKEX
00150,Hypebeast Ltd,HKEX
01026,Universal Technologies Holdings Ltd,HKEX
01960,TBK & Sons Holdings Ltd,HKEX
02505,EDA Group Holdings Ltd,HKEX
01751,AI Energy Engineering Holdings Ltd,HKEX
08350,Well Link Securities Holdings Ltd,HKEX
06833,Sinco Pharmaceuticals Holdings Ltd,HKEX
06978,Immunotech Biopharm Ltd,HKEX
00865,Jiande International Holdings Ltd,HKEX
00508,Dingyi Group Investment Ltd,HKEX
02885,Peiport Holdings Ltd,HKEX
01767,TS Wonders Holding Ltd,HKEX
02237,China Graphite Group Ltd,HKEX
00213,National Electronics Holdings Ltd,HKEX
00439,Genesis Scale Holdings Ltd,HKEX
02376,Lushang Life Services Co Ltd Class H,HKEX
02421,KRP Development Holdings Ltd,HKEX
03860,EPS Creative Health Technology Group Ltd,HKEX
00137,Jinhui Holdings Co Ltd,HKEX
00583,Great Wall Pan Asia Holdings Ltd,HKEX
00096,Yusei Holdings Ltd,HKEX
00063,China Asia Valley Group Ltd,HKEX
03623,China Success Finance Group Holdings Ltd,HKEX
01170,Kingmaker Footwear Holdings Ltd,HKEX
02216,Broncus Holding Corp,HKEX
01182,Success Dragon International Holdings Ltd,HKEX
01947,Meihao Medical Group Co Ltd,HKEX
00607,Fullshare Holdings Ltd,HKEX
00767,Zhong Ji Longevity Science Group Ltd,HKEX
02250,BDuck Semk Holdings International Ltd,HKEX
01429,Skymission Group Holdings Ltd,HKEX
02226,Honworld Group Ltd,HKEX
06890,Kangli International Holdings Ltd,HKEX
01667,Dimmi Life Holdings Ltd,HKEX
01037,Maxnerva Technology Services Ltd,HKEX
00620,DTXS Silk Road Investment Holdings Co Ltd,HKEX
01793,Wecon Holdings Ltd,HKEX
00685,Media Chinese International Ltd,HKEX
00346,Yanchang Petroleum International Ltd,HKEX
00912,Suga International Holdings Ltd,HKEX
00132,Hing Yip Holdings Ltd,HKEX
00989,China Changbaishan International Holdings Ltd,HKEX
01683,Hope Life International Holdings Ltd,HKEX
01710,Trio Industrial Electronics Group Ltd,HKEX
02528,Forward Fashion (International) Holdings Co Ltd,HKEX
00629,Yue Da International Holdings Ltd,HKEX
02515,Tianjin Construction Development Group Co Ltd Class H,HKEX
00046,Computer and Technologies Holdings Ltd,HKEX
02352,Dowell Service Group Co Ltd Class H,HKEX
08310,Yancheng Port International Co Ltd,HKEX
01543,Guangdong Join-Share Financing Guarantee Investment Co Ltd Class H,HKEX
01682,Hang Pin Living Technology Co Ltd,HKEX
09998,Kwan Yong Holdings Ltd,HKEX
00926,Besunyen Holdings Co Ltd,HKEX
00187,Beijing Jingcheng Machinery Electric Co Ltd Class H,HKEX
01273,Hong Kong Finance Group Ltd,HKEX
01005,Matrix Holdings Ltd,HKEX
01147,Edensoft Holdings Ltd,HKEX
00423,Hong Kong Economic Times Holdings Ltd,HKEX
01222,Wang On Group Ltd,HKEX
01418,Sinomax Group Ltd,HKEX
08189,Tianjin TEDA Biomedical Engineering Co Ltd Class H,HKEX
00532,Wong's Kong King International (Holdings) Ltd,HKEX
01742,Hpc Holdings Ltd,HKEX
03626,East Nova Holdings Limited,HKEX
01455,Fourace Industries Group Holdings Ltd,HKEX
01795,Yadong Group Holdings Ltd,HKEX
00520,Xiabuxiabu Catering Management (China) Holdings Co Ltd,HKEX
02227,Solis Holdings Ltd,HKEX
00216,Chinney Investments Ltd,HKEX
02107,First Service Holding Ltd,HKEX
01845,Weigang Environmental Technology Holding Group Ltd,HKEX
00021,Great China Holdings Hong Kong Ltd,HKEX
01955,Hong Kong Johnson Holdings Co Ltd,HKEX
00543,Pacific Online Ltd,HKEX
02031,Ausupreme International Holdings Ltd,HKEX
01962,Evergreen Products Group Ltd,HKEX
01920,Junwea Group (China) Co Ltd,HKEX
01265,Tianjin Jinran Public Utilities Co Ltd Class H,HKEX
01778,Colour Life Services Group Co Ltd,HKEX
01867,Standard Development Group Ltd,HKEX
01148,Xinchen China Power Holdings Ltd,HKEX
01120,Arts Optical International Holdings Ltd,HKEX
02693,Anhui Jinyan Kaolin New Materials Co Ltd Class H,HKEX
00713,World Houseware (Holdings) Ltd,HKEX
01289,Wuxi Sunlit Science and Technology Co Ltd Class H,HKEX
00681,Chinese People Holdings Co Ltd,HKEX
02178,Petro-king Oilfield Services Ltd,HKEX
03913,Kwg Living Group Holdings Ltd,HKEX
00575,Regent Pacific Group Ltd,HKEX
01087,InvesTech Holdings Ltd,HKEX
01633,Sheung Yue Group Holdings Ltd,HKEX
01419,Human Health Holdings Ltd,HKEX
06822,King's Flair International (Holdings) Ltd,HKEX
01826,FDB Holdings Ltd,HKEX
01298,Yunnan Energy International Co Ltd,HKEX
01650,Hygieia Group Ltd,HKEX
00573,Tao Heung Holdings Ltd,HKEX
01827,Miricor Enterprises Holdings Ltd,HKEX
06663,IWS Group Holdings Ltd,HKEX
08629,Guangdong Syntrust GK Testing and Certification Tech Service Center Co Ltd,HKEX
00510,CASH Financial Services Group Ltd,HKEX
03616,Ever Reach Group (Holdings) Company Ltd,HKEX
00129,Asia Standard International Group Ltd,HKEX
08132,Century Energy International Holdings Ltd,HKEX
00938,Man Sang International Ltd,HKEX
06860,FingerTango Inc,HKEX
01486,C Cheng Holdings Ltd,HKEX
01001,Hong Kong Shanghai Alliance Holdings Ltd,HKEX
08646,China Hongguang Holdings Ltd,HKEX
01545,Design Capital Ltd,HKEX
02102,Tak Lee Machinery Holdings Ltd,HKEX
00936,Kaisa Capital Investment Holdings Ltd,HKEX
02210,Beijing Capital Jiaye Property Services Co Ltd Class H,HKEX
01284,New Media Lab Ltd,HKEX
00311,Luen Thai Holdings Ltd,HKEX
08269,Go Up Education Technology Ltd,HKEX
00831,Convenience Retail Asia Ltd,HKEX
00828,Dynasty Fine Wines Group Ltd,HKEX
01420,Chuan Holdings Ltd,HKEX
03662,Starjoy Wellness and Travel Co Ltd,HKEX
00896,Hanison Construction Holdings Ltd,HKEX
00318,Vongroup Ltd,HKEX
01008,Litu Holdings Ltd,HKEX
01240,CNQC International Holdings Ltd,HKEX
00970,New Sparkle Roll International Group Ltd,HKEX
02129,Legion Consortium Ltd,HKEX
01080,Shengli Oil & Gas Pipe Holdings Ltd,HKEX
00927,Fujikon Industrial Holdings Ltd,HKEX
00166,New Times Corporation Ltd,HKEX
02545,Zhonggan Communication Group Holdings Ltd,HKEX
01580,Da Sen Holdings Group Ltd,HKEX
01247,Miko International Holdings Ltd,HKEX
01732,Xiangxing International Holding Ltd,HKEX
01540,Left Field Printing Group Ltd,HKEX
01416,CTR Holdings Ltd,HKEX
01125,Lai Fung Holdings Ltd,HKEX
08502,Ocean Line Port Development Ltd,HKEX
01402,i-Control Holdings Ltd,HKEX
08610,BBSB International Ltd,HKEX
01993,Asiaray Media Group Ltd,HKEX
01527,Zhejiang Tengy Environmental Technology Co Ltd Class H,HKEX
00475,Central Development Holdings Ltd,HKEX
00953,Shaw Brothers Holdings Ltd,HKEX
08316,China Hongbao Holdings Ltd,HKEX
01335,Sheen Tai Holdings Group Company Ltd,HKEX
02258,Watts International Maritime Co Ltd,HKEX
06968,Ganglong China Property Group Ltd,HKEX
01529,Yues International Holdings Group Ltd,HKEX
01215,Kai Yuan Holdings Ltd,HKEX
01939,Shangshan Gold International Holdings Ltd,HKEX
00632,CHK Oil Ltd,HKEX
02954,Kaisa Health Group Holdings Ltd,HKEX
01752,Top Education Group Ltd,HKEX
01592,Anchorstone Holdings Ltd,HKEX
01407,JY Gas Ltd,HKEX
00422,Vietnam Manufacturing and Export Processing (Holdings) Ltd,HKEX
00591,China High Precision Automation Group Ltd,HKEX
08023,Kwong Man Kee Group Ltd,HKEX
03398,China Ting Group Holdings Ltd,HKEX
08509,Wine's Link International Holdings Ltd,HKEX
00922,Anxian Yuan China Holdings Ltd,HKEX
00557,China Tian Yuan Healthcare Group Ltd,HKEX
01062,China Development Bank International Investment Ltd,HKEX
01557,K. H. Group Holdings Ltd,HKEX
00406,Yau Lee Holdings Ltd,HKEX
01613,Synertone Communication Corp,HKEX
01362,SIS Mobile Holdings Ltd,HKEX
08645,Byte Metaverse Holdings Ltd,HKEX
01932,CPM Group Ltd,HKEX
01708,Nanjing Sample Technology Co Ltd Class H,HKEX
02695,Impression Dahongpao Co Ltd Class H,HKEX
00674,China Tangshang Holdings Ltd,HKEX
08305,Sheng Tang Holdings Ltd,HKEX
00756,Summi (Group) Holdings Ltd,HKEX
03322,Win Hanverky Holdings Ltd,HKEX
08237,Link Holdings Ltd,HKEX
01930,Shinelong Automotive Lightweight Application Ltd,HKEX
03789,Royal Deluxe Holdings Ltd,HKEX
02125,Strawbear Entertainment Group,HKEX
01153,Jiayuan Services Holdings Ltd,HKEX
01912,Contel Technology Co Ltd,HKEX
06882,EGL Holdings Co Ltd,HKEX
08070,Keen Ocean International Holding Ltd,HKEX
02369,Coolpad Group Ltd,HKEX
00438,IRICO Group New Energy Co Ltd Class H,HKEX
00298,Chuang's China Investments Ltd,HKEX
00295,Kong Sun Holdings Ltd,HKEX
01110,Kingworld Medicines Group Ltd,HKEX
01978,LH Group Ltd,HKEX
00776,Imperium Technology Group Ltd,HKEX
00296,Emperor Entertainment Hotel Ltd,HKEX
00723,Reliance Global Holdings Ltd,HKEX
01938,Chu Kong Petroleum and Natural Gas Steel Pipe Holdings Ltd,HKEX
02132,Landrich Holding Ltd,HKEX
01245,Niraku GC Holdings Inc,HKEX
01518,New Century Healthcare Holding Co Ltd,HKEX
08080,North Asia Strategic Holdings Ltd,HKEX
08281,China Golden Classic Group Ltd,HKEX
01563,Alliance International Education Leasing Holdings Ltd,HKEX
01446,Hung Fook Tong Group Holdings Ltd,HKEX
02223,Casablanca Group Ltd,HKEX
01615,AB Builders Group Ltd,HKEX
06033,Telecom Digital Holdings Ltd,HKEX
06877,Top Eminent Healthcare Group Ltd,HKEX
03390,Tycoon Group Holdings Ltd,HKEX
01389,Major Holdings Ltd,HKEX
01739,Qeeka Home (Cayman) Inc,HKEX
02370,Redco Healthy Living Co Ltd,HKEX
08365,Hatcher Group Ltd,HKEX
01314,Tsui Wah Holdings Ltd,HKEX
00487,Success Universe Group Ltd,HKEX
00343,Culturecom Holdings Ltd,HKEX
01301,D&G Technology Holding Co Ltd,HKEX
01058,Namyue Holdings Ltd,HKEX
00974,China Shun Ke Long Holdings Ltd,HKEX
02326,New Provenance Everlasting Holdings Ltd,HKEX
00361,Hanfort Development Holdings Ltd,HKEX
01901,Feiyang International Holdings Group Ltd,HKEX
01817,Mulsanne Group Holding Ltd,HKEX
00630,AMCO United Holding Ltd,HKEX
01447,SFK Construction Holdings Ltd,HKEX
01847,YCIH Green High-Performance Concrete Co Ltd Class H,HKEX
01500,In Construction Holdings Ltd,HKEX
00387,Leeport (Holdings) Ltd,HKEX
01689,Huaxi Holdings Company Ltd,HKEX
01532,China Partytime Culture Holdings Ltd,HKEX
00701,CNT Group Ltd,HKEX
00092,Champion Technology Holdings Ltd,HKEX
01987,Beng Soon Machinery Holdings Ltd,HKEX
